  0
SECTION
  2
HEADER
  9
$ACADVER
  1
AC1032
  9
$ACADMAINTVER
 90
        4
  9
$DWGCODEPAGE
  3
ANSI_1250
  9
$REQUIREDVERSIONS
160
                 0
  9
$LASTSAVEDBY
  1
Admin
  9
$INSBASE
 10
0.0
 20
0.0
 30
0.0
  9
$EXTMIN
 10
7.318494339327331
 20
-15.18967300924685
 30
0.0
  9
$EXTMAX
 10
437.5855487822784
 20
159.3441180417957
 30
0.0
  9
$LIMMIN
 10
0.0
 20
0.0
  9
$LIMMAX
 10
12.0
 20
9.0
  9
$ORTHOMODE
 70
     0
  9
$REGENMODE
 70
     1
  9
$FILLMODE
 70
     1
  9
$QTEXTMODE
 70
     0
  9
$MIRRTEXT
 70
     1
  9
$LTSCALE
 40
1.0
  9
$ATTMODE
 70
     1
  9
$TEXTSIZE
 40
0.2
  9
$TRACEWID
 40
0.05
  9
$TEXTSTYLE
  7
Standard
  9
$CLAYER
  8
0
  9
$CELTYPE
  6
CONTINUOUS
  9
$CECOLOR
 62
   256
  9
$CELTSCALE
 40
1.0
  9
$DISPSILH
 70
     0
  9
$DIMSCALE
 40
1.0
  9
$DIMASZ
 40
0.18
  9
$DIMEXO
 40
0.0625
  9
$DIMDLI
 40
0.38
  9
$DIMRND
 40
0.0
  9
$DIMDLE
 40
0.0
  9
$DIMEXE
 40
0.18
  9
$DIMTP
 40
0.0
  9
$DIMTM
 40
0.0
  9
$DIMTXT
 40
0.18
  9
$DIMCEN
 40
0.09
  9
$DIMTSZ
 40
0.0
  9
$DIMTOL
 70
     0
  9
$DIMLIM
 70
     0
  9
$DIMTIH
 70
     1
  9
$DIMTOH
 70
     1
  9
$DIMSE1
 70
     0
  9
$DIMSE2
 70
     0
  9
$DIMTAD
 70
     0
  9
$DIMZIN
 70
     0
  9
$DIMBLK
  1

  9
$DIMASO
 70
     1
  9
$DIMSHO
 70
     1
  9
$DIMPOST
  1

  9
$DIMAPOST
  1

  9
$DIMALT
 70
     0
  9
$DIMALTD
 70
     2
  9
$DIMALTF
 40
25.4
  9
$DIMLFAC
 40
1.0
  9
$DIMTOFL
 70
     0
  9
$DIMTVP
 40
0.0
  9
$DIMTIX
 70
     0
  9
$DIMSOXD
 70
     0
  9
$DIMSAH
 70
     0
  9
$DIMBLK1
  1

  9
$DIMBLK2
  1

  9
$DIMSTYLE
  2
Standard
  9
$DIMCLRD
 70
     0
  9
$DIMCLRE
 70
     0
  9
$DIMCLRT
 70
     0
  9
$DIMTFAC
 40
1.0
  9
$DIMGAP
 40
0.09
  9
$DIMJUST
 70
     0
  9
$DIMSD1
 70
     0
  9
$DIMSD2
 70
     0
  9
$DIMTOLJ
 70
     1
  9
$DIMTZIN
 70
     0
  9
$DIMALTZ
 70
     0
  9
$DIMALTTZ
 70
     0
  9
$DIMUPT
 70
     0
  9
$DIMDEC
 70
     4
  9
$DIMTDEC
 70
     4
  9
$DIMALTU
 70
     2
  9
$DIMALTTD
 70
     2
  9
$DIMTXSTY
  7
Standard
  9
$DIMAUNIT
 70
     0
  9
$DIMADEC
 70
     0
  9
$DIMALTRND
 40
0.0
  9
$DIMAZIN
 70
     0
  9
$DIMDSEP
 70
    46
  9
$DIMATFIT
 70
     3
  9
$DIMFRAC
 70
     0
  9
$DIMLDRBLK
  1

  9
$DIMLUNIT
 70
     2
  9
$DIMLWD
 70
    -2
  9
$DIMLWE
 70
    -2
  9
$DIMTMOVE
 70
     2
  9
$DIMFXL
 40
1.0
  9
$DIMFXLON
 70
     0
  9
$DIMJOGANG
 40
0.7853981633974483
  9
$DIMTFILL
 70
     0
  9
$DIMTFILLCLR
 70
     0
  9
$DIMARCSYM
 70
     0
  9
$DIMLTYPE
  6

  9
$DIMLTEX1
  6

  9
$DIMLTEX2
  6

  9
$DIMTXTDIRECTION
 70
     0
  9
$LUNITS
 70
     2
  9
$LUPREC
 70
     4
  9
$SKETCHINC
 40
0.1
  9
$FILLETRAD
 40
0.5
  9
$AUNITS
 70
     0
  9
$AUPREC
 70
     0
  9
$MENU
  1
.
  9
$ELEVATION
 40
0.0
  9
$PELEVATION
 40
0.0
  9
$THICKNESS
 40
0.0
  9
$LIMCHECK
 70
     0
  9
$CHAMFERA
 40
0.0
  9
$CHAMFERB
 40
0.0
  9
$CHAMFERC
 40
0.0
  9
$CHAMFERD
 40
0.0
  9
$SKPOLY
 70
     0
  9
$TDCREATE
 40
2461016.07825059
  9
$TDUCREATE
 40
2461016.036583924
  9
$TDUPDATE
 40
2461016.097190243
  9
$TDUUPDATE
 40
2461016.055523576
  9
$TDINDWG
 40
0.0188914352
  9
$TDUSRTIMER
 40
0.0188914005
  9
$USRTIMER
 70
     1
  9
$ANGBASE
 50
0.0
  9
$ANGDIR
 70
     0
  9
$PDMODE
 70
     0
  9
$PDSIZE
 40
0.0
  9
$PLINEWID
 40
0.0
  9
$SPLFRAME
 70
     0
  9
$SPLINETYPE
 70
     6
  9
$SPLINESEGS
 70
     8
  9
$HANDSEED
  5
1479
  9
$SURFTAB1
 70
     6
  9
$SURFTAB2
 70
     6
  9
$SURFTYPE
 70
     6
  9
$SURFU
 70
     6
  9
$SURFV
 70
     6
  9
$UCSBASE
  2

  9
$UCSNAME
  2

  9
$UCSORG
 10
0.0
 20
0.0
 30
0.0
  9
$UCSXDIR
 10
1.0
 20
0.0
 30
0.0
  9
$UCSYDIR
 10
0.0
 20
1.0
 30
0.0
  9
$UCSORTHOREF
  2

  9
$UCSORTHOVIEW
 70
     0
  9
$UCSORGTOP
 10
0.0
 20
0.0
 30
0.0
  9
$UCSORGBOTTOM
 10
0.0
 20
0.0
 30
0.0
  9
$UCSORGLEFT
 10
0.0
 20
0.0
 30
0.0
  9
$UCSORGRIGHT
 10
0.0
 20
0.0
 30
0.0
  9
$UCSORGFRONT
 10
0.0
 20
0.0
 30
0.0
  9
$UCSORGBACK
 10
0.0
 20
0.0
 30
0.0
  9
$PUCSBASE
  2

  9
$PUCSNAME
  2

  9
$PUCSORG
 10
0.0
 20
0.0
 30
0.0
  9
$PUCSXDIR
 10
1.0
 20
0.0
 30
0.0
  9
$PUCSYDIR
 10
0.0
 20
1.0
 30
0.0
  9
$PUCSORTHOREF
  2

  9
$PUCSORTHOVIEW
 70
     0
  9
$PUCSORGTOP
 10
0.0
 20
0.0
 30
0.0
  9
$PUCSORGBOTTOM
 10
0.0
 20
0.0
 30
0.0
  9
$PUCSORGLEFT
 10
0.0
 20
0.0
 30
0.0
  9
$PUCSORGRIGHT
 10
0.0
 20
0.0
 30
0.0
  9
$PUCSORGFRONT
 10
0.0
 20
0.0
 30
0.0
  9
$PUCSORGBACK
 10
0.0
 20
0.0
 30
0.0
  9
$USERI1
 70
     0
  9
$USERI2
 70
     0
  9
$USERI3
 70
     0
  9
$USERI4
 70
     0
  9
$USERI5
 70
     0
  9
$USERR1
 40
0.0
  9
$USERR2
 40
0.0
  9
$USERR3
 40
0.0
  9
$USERR4
 40
0.0
  9
$USERR5
 40
0.0
  9
$WORLDVIEW
 70
     1
  9
$SHADEDGE
 70
     3
  9
$SHADEDIF
 70
    70
  9
$TILEMODE
 70
     1
  9
$MAXACTVP
 70
    64
  9
$PINSBASE
 10
0.0
 20
0.0
 30
0.0
  9
$PLIMCHECK
 70
     0
  9
$PEXTMIN
 10
1.000000000000000E+20
 20
1.000000000000000E+20
 30
1.000000000000000E+20
  9
$PEXTMAX
 10
-1.000000000000000E+20
 20
-1.000000000000000E+20
 30
-1.000000000000000E+20
  9
$PLIMMIN
 10
0.0
 20
0.0
  9
$PLIMMAX
 10
12.0
 20
9.0
  9
$UNITMODE
 70
     0
  9
$VISRETAIN
 70
     1
  9
$PLINEGEN
 70
     0
  9
$PSLTSCALE
 70
     1
  9
$TREEDEPTH
 70
  3020
  9
$CMLSTYLE
  2
Standard
  9
$CMLJUST
 70
     0
  9
$CMLSCALE
 40
1.0
  9
$PROXYGRAPHICS
 70
     1
  9
$MEASUREMENT
 70
     0
  9
$CELWEIGHT
370
    -1
  9
$ENDCAPS
280
     0
  9
$JOINSTYLE
280
     0
  9
$LWDISPLAY
290
     0
  9
$INSUNITS
 70
     4
  9
$HYPERLINKBASE
  1

  9
$STYLESHEET
  1

  9
$XEDIT
290
     1
  9
$CEPSNTYPE
380
     3
  9
$CEPSNID
390
0
  9
$PSTYLEMODE
290
     1
  9
$FINGERPRINTGUID
  2
{FE2EC60B-D9A8-4522-BCF9-C54274E6F978}
  9
$VERSIONGUID
  2
{FAEB1C32-E019-11D5-929B-00C0DF256EC4}
  9
$EXTNAMES
290
     1
  9
$PSVPSCALE
 40
0.0
  9
$OLESTARTUP
290
     0
  9
$SORTENTS
280
   127
  9
$INDEXCTL
280
     0
  9
$HIDETEXT
280
     1
  9
$XCLIPFRAME
280
     2
  9
$HALOGAP
280
     0
  9
$OBSCOLOR
 70
   257
  9
$OBSLTYPE
280
     0
  9
$INTERSECTIONDISPLAY
280
     0
  9
$INTERSECTIONCOLOR
 70
   257
  9
$DIMASSOC
280
     2
  9
$PROJECTNAME
  1

  9
$CAMERADISPLAY
290
     0
  9
$LENSLENGTH
 40
50.0
  9
$CAMERAHEIGHT
 40
0.0
  9
$STEPSPERSEC
 40
2.0
  9
$STEPSIZE
 40
6.0
  9
$3DDWFPREC
 40
2.0
  9
$PSOLWIDTH
 40
0.25
  9
$PSOLHEIGHT
 40
4.0
  9
$LOFTANG1
 40
1.570796326794897
  9
$LOFTANG2
 40
1.570796326794897
  9
$LOFTMAG1
 40
0.0
  9
$LOFTMAG2
 40
0.0
  9
$LOFTPARAM
 70
     7
  9
$LOFTNORMALS
280
     1
  9
$LATITUDE
 40
37.795
  9
$LONGITUDE
 40
-122.394
  9
$NORTHDIRECTION
 40
0.0
  9
$TIMEZONE
 70
 -8000
  9
$LIGHTGLYPHDISPLAY
280
     1
  9
$TILEMODELIGHTSYNCH
280
     1
  9
$CMATERIAL
347
353
  9
$SOLIDHIST
280
     1
  9
$SHOWHIST
280
     1
  9
$DWFFRAME
280
     2
  9
$DGNFRAME
280
     0
  9
$REALWORLDSCALE
290
     1
  9
$INTERFERECOLOR
 62
   256
  9
$INTERFEREOBJVS
345
342
  9
$INTERFEREVPVS
346
33F
  9
$CSHADOW
280
     0
  9
$SHADOWPLANELOCATION
 40
0.0
  0
ENDSEC
  0
SECTION
  2
CLASSES
  0
CLASS
  1
ACDBDICTIONARYWDFLT
  2
AcDbDictionaryWithDefault
  3
ObjectDBX Classes
 90
        0
 91
        7
280
     0
281
     0
  0
CLASS
  1
SCALE
  2
AcDbScale
  3
ObjectDBX Classes
 90
     1153
 91
        7
280
     0
281
     0
  0
CLASS
  1
VISUALSTYLE
  2
AcDbVisualStyle
  3
ObjectDBX Classes
 90
     4095
 91
        7
280
     0
281
     0
  0
CLASS
  1
MATERIAL
  2
AcDbMaterial
  3
ObjectDBX Classes
 90
     1153
 91
        7
280
     0
281
     0
  0
CLASS
  1
TABLESTYLE
  2
AcDbTableStyle
  3
ObjectDBX Classes
 90
     4095
 91
        7
280
     0
281
     0
  0
CLASS
  1
MLEADERSTYLE
  2
AcDbMLeaderStyle
  3
ACDB_MLEADERSTYLE_CLASS
 90
     4095
 91
        7
280
     0
281
     0
  0
CLASS
  1
DIMASSOC
  2
AcDbDimAssoc
  3
"AcDbDimAssoc|Product Desc:     AcDim ARX App For Dimension|Company:          Autodesk, Inc.|WEB Address:      www.autodesk.com"
 90
        0
 91
        5
280
     0
281
     0
  0
CLASS
  1
DICTIONARYVAR
  2
AcDbDictionaryVar
  3
ObjectDBX Classes
 90
        0
 91
        6
280
     0
281
     0
  0
CLASS
  1
CELLSTYLEMAP
  2
AcDbCellStyleMap
  3
ObjectDBX Classes
 90
     1152
 91
        6
280
     0
281
     0
  0
ENDSEC
  0
SECTION
  2
TABLES
  0
TABLE
  2
VPORT
  5
8
330
0
100
AcDbSymbolTable
 70
     1
  0
VPORT
  5
322
330
8
100
AcDbSymbolTableRecord
100
AcDbViewportTableRecord
  2
*Active
 70
     0
 10
0.0
 20
0.0
 11
1.0
 21
1.0
 12
137.1670924946357
 22
53.39180258804768
 13
0.0
 23
0.0
 14
0.5
 24
0.5
 15
0.5
 25
0.5
 16
0.0
 26
0.0
 36
1.0
 17
0.0
 27
0.0
 37
0.0
 40
424.4295766180539
 41
1.796875
 42
50.0
 43
0.0
 44
0.0
 50
0.0
 51
0.0
 71
     0
 72
   100
 73
     1
 74
     3
 75
     0
 76
     0
 77
     0
 78
     0
281
     0
 65
     1
110
0.0
120
0.0
130
0.0
111
1.0
121
0.0
131
0.0
112
0.0
122
1.0
132
0.0
 79
     0
146
0.0
348
33E
 60
     3
 61
     5
292
     1
282
     1
141
0.0
142
0.0
 63
   250
  0
ENDTAB
  0
TABLE
  2
LTYPE
  5
5
330
0
100
AcDbSymbolTable
 70
     1
  0
LTYPE
  5
14
330
5
100
AcDbSymbolTableRecord
100
AcDbLinetypeTableRecord
  2
ByBlock
 70
     0
  3

 72
    65
 73
     0
 40
0.0
  0
LTYPE
  5
15
330
5
100
AcDbSymbolTableRecord
100
AcDbLinetypeTableRecord
  2
ByLayer
 70
     0
  3

 72
    65
 73
     0
 40
0.0
  0
LTYPE
  5
16
330
5
100
AcDbSymbolTableRecord
100
AcDbLinetypeTableRecord
  2
CONTINUOUS
 70
     0
  3
______
 72
    65
 73
     0
 40
0.0
  0
ENDTAB
  0
TABLE
  2
LAYER
  5
2
330
0
100
AcDbSymbolTable
 70
     2
  0
LAYER
  5
10
330
2
100
AcDbSymbolTableRecord
100
AcDbLayerTableRecord
  2
0
 70
     0
 62
     7
  6
CONTINUOUS
370
    -3
390
11
347
355
348
0
  0
LAYER
  5
4C6
330
2
100
AcDbSymbolTableRecord
100
AcDbLayerTableRecord
  2
Defpoints
 70
     0
 62
     7
  6
CONTINUOUS
290
     0
370
    -3
390
F
347
355
348
0
  0
ENDTAB
  0
TABLE
  2
STYLE
  5
3
330
0
100
AcDbSymbolTable
 70
     1
  0
STYLE
  5
12
330
3
100
AcDbSymbolTableRecord
100
AcDbTextStyleTableRecord
  2
Standard
 70
     0
 40
0.0
 41
1.0
 50
0.0
 71
     0
 42
0.2
  3
txt
  4

  0
ENDTAB
  0
TABLE
  2
VIEW
  5
6
330
0
100
AcDbSymbolTable
 70
     0
  0
ENDTAB
  0
TABLE
  2
UCS
  5
7
330
0
100
AcDbSymbolTable
 70
     0
  0
ENDTAB
  0
TABLE
  2
APPID
  5
9
330
0
100
AcDbSymbolTable
 70
     2
  0
APPID
  5
13
330
9
100
AcDbSymbolTableRecord
100
AcDbRegAppTableRecord
  2
ACAD
 70
     0
  0
APPID
  5
35A
330
9
100
AcDbSymbolTableRecord
100
AcDbRegAppTableRecord
  2
ACAD_MLEADERVER
 70
     0
  0
ENDTAB
  0
TABLE
  2
DIMSTYLE
  5
A
330
0
100
AcDbSymbolTable
 70
     1
100
AcDbDimStyleTable
  0
DIMSTYLE
105
21
102
{ACAD_REACTORS
330
1433
330
1443
330
1453
330
1463
102
}
330
A
100
AcDbSymbolTableRecord
100
AcDbDimStyleTableRecord
  2
Standard
 70
     0
178
     0
340
12
  0
ENDTAB
  0
TABLE
  2
BLOCK_RECORD
  5
1
330
0
100
AcDbSymbolTable
 70
    21
  0
BLOCK_RECORD
  5
1D
330
1
100
AcDbSymbolTableRecord
100
AcDbBlockTableRecord
  2
*Model_Space
340
1E
 70
     0
280
     1
281
     0
  0
BLOCK_RECORD
  5
1B
330
1
100
AcDbSymbolTableRecord
100
AcDbBlockTableRecord
  2
*Paper_Space
340
1C
 70
     0
280
     1
281
     0
  0
BLOCK_RECORD
  5
4C8
330
1
100
AcDbSymbolTableRecord
100
AcDbBlockTableRecord
  2
*D0
340
0
 70
     0
280
     1
281
     0
  0
BLOCK_RECORD
  5
4D7
330
1
100
AcDbSymbolTableRecord
100
AcDbBlockTableRecord
  2
*D1
340
0
 70
     0
280
     1
281
     0
  0
BLOCK_RECORD
  5
4E7
330
1
100
AcDbSymbolTableRecord
100
AcDbBlockTableRecord
  2
*D2
340
0
 70
     0
280
     1
281
     0
  0
BLOCK_RECORD
  5
4F6
330
1
100
AcDbSymbolTableRecord
100
AcDbBlockTableRecord
  2
*D3
340
0
 70
     0
280
     1
281
     0
  0
BLOCK_RECORD
  5
506
330
1
100
AcDbSymbolTableRecord
100
AcDbBlockTableRecord
  2
*D4
340
0
 70
     0
280
     1
281
     0
  0
BLOCK_RECORD
  5
67D
330
1
100
AcDbSymbolTableRecord
100
AcDbBlockTableRecord
  2
G$C8882F548
340
0
 70
     0
280
     1
281
     0
  0
BLOCK_RECORD
  5
8D5
330
1
100
AcDbSymbolTableRecord
100
AcDbBlockTableRecord
  2
*D6
340
0
 70
     0
280
     1
281
     0
  0
BLOCK_RECORD
  5
8E4
330
1
100
AcDbSymbolTableRecord
100
AcDbBlockTableRecord
  2
*D7
340
0
 70
     0
280
     1
281
     0
  0
BLOCK_RECORD
  5
8F3
330
1
100
AcDbSymbolTableRecord
100
AcDbBlockTableRecord
  2
*D8
340
0
 70
     0
280
     1
281
     0
  0
BLOCK_RECORD
  5
9F7
330
1
100
AcDbSymbolTableRecord
100
AcDbBlockTableRecord
  2
*D9
340
0
 70
     0
280
     1
281
     0
  0
BLOCK_RECORD
  5
A84
330
1
100
AcDbSymbolTableRecord
100
AcDbBlockTableRecord
  2
*D10
340
0
 70
     0
280
     1
281
     0
  0
BLOCK_RECORD
  5
A93
330
1
100
AcDbSymbolTableRecord
100
AcDbBlockTableRecord
  2
*D11
340
0
 70
     0
280
     1
281
     0
  0
BLOCK_RECORD
  5
AA2
330
1
100
AcDbSymbolTableRecord
100
AcDbBlockTableRecord
  2
*D12
340
0
 70
     0
280
     1
281
     0
  0
BLOCK_RECORD
  5
C23
330
1
100
AcDbSymbolTableRecord
100
AcDbBlockTableRecord
  2
G$C14B5EA07
340
0
 70
     0
280
     1
281
     0
  0
BLOCK_RECORD
  5
CA3
330
1
100
AcDbSymbolTableRecord
100
AcDbBlockTableRecord
  2
*D14
340
0
 70
     0
280
     1
281
     0
  0
BLOCK_RECORD
  5
CB3
330
1
100
AcDbSymbolTableRecord
100
AcDbBlockTableRecord
  2
*D15
340
0
 70
     0
280
     1
281
     0
  0
BLOCK_RECORD
  5
1424
330
1
100
AcDbSymbolTableRecord
100
AcDbBlockTableRecord
  2
*D16
340
0
 70
     0
280
     1
281
     0
  0
BLOCK_RECORD
  5
1434
330
1
100
AcDbSymbolTableRecord
100
AcDbBlockTableRecord
  2
*D17
340
0
 70
     0
280
     1
281
     0
  0
BLOCK_RECORD
  5
1444
330
1
100
AcDbSymbolTableRecord
100
AcDbBlockTableRecord
  2
*D18
340
0
 70
     0
280
     1
281
     0
  0
BLOCK_RECORD
  5
1454
330
1
100
AcDbSymbolTableRecord
100
AcDbBlockTableRecord
  2
*D19
340
0
 70
     0
280
     1
281
     0
  0
BLOCK_RECORD
  5
1464
330
1
100
AcDbSymbolTableRecord
100
AcDbBlockTableRecord
  2
*D20
340
0
 70
     0
280
     1
281
     0
  0
ENDTAB
  0
ENDSEC
  0
SECTION
  2
BLOCKS
  0
BLOCK
  5
337
330
1D
100
AcDbEntity
  8
0
  6
Continuous
100
AcDbBlockBegin
  2
*Model_Space
 70
     0
 10
0.0
 20
0.0
 30
0.0
  3
*Model_Space
  1
Acad:XRef
  0
ENDBLK
  5
338
330
1D
100
AcDbEntity
  8
0
  6
Continuous
100
AcDbBlockEnd
  0
BLOCK
  5
335
330
1B
100
AcDbEntity
 67
     1
  8
0
  6
Continuous
100
AcDbBlockBegin
  2
*Paper_Space
 70
     0
 10
0.0
 20
0.0
 30
0.0
  3
*Paper_Space
  1
Acad:XRef
  0
ENDBLK
  5
336
330
1B
100
AcDbEntity
 67
     1
  8
0
  6
Continuous
100
AcDbBlockEnd
  0
BLOCK
  5
4D2
330
4C8
100
AcDbEntity
  8
0
100
AcDbBlockBegin
  2
*D0
 70
     1
 10
0.0
 20
0.0
 30
0.0
  3
*D0
  1
Acad:XRef
  0
LINE
  5
4C9
330
4C8
100
AcDbEntity
  8
0
  6
Continuous
 62
     0
370
    -2
100
AcDbLine
 10
-4.442292838060959
 20
-175.3240471709334
 30
0.0
 11
-9.429721816309534
 21
-175.3240471709334
 31
0.0
  0
LINE
  5
4CA
330
4C8
100
AcDbEntity
  8
0
  6
Continuous
 62
     0
370
    -2
100
AcDbLine
 10
-4.442292838060955
 20
-176.0750771709334
 30
0.0
 11
-9.429721816309534
 21
-176.0750771709334
 31
0.0
  0
LINE
  5
4CB
330
4C8
100
AcDbEntity
  8
0
  6
Continuous
 62
     0
370
    -2
100
AcDbLine
 10
-9.249721816309535
 20
-175.5040471709334
 30
0.0
 11
-9.249721816309535
 21
-175.8950771709334
 31
0.0
  0
SOLID
  5
4CC
330
4C8
100
AcDbEntity
  8
0
  6
Continuous
 62
     0
100
AcDbTrace
 10
-9.219721816309535
 20
-175.5040471709334
 30
0.0
 11
-9.279721816309534
 21
-175.5040471709334
 31
0.0
 12
-9.249721816309535
 22
-175.3240471709334
 32
0.0
 13
-9.249721816309535
 23
-175.3240471709334
 33
0.0
  0
SOLID
  5
4CD
330
4C8
100
AcDbEntity
  8
0
  6
Continuous
 62
     0
100
AcDbTrace
 10
-9.279721816309534
 20
-175.8950771709334
 30
0.0
 11
-9.219721816309535
 21
-175.8950771709334
 31
0.0
 12
-9.249721816309535
 22
-176.0750771709334
 32
0.0
 13
-9.249721816309535
 23
-176.0750771709334
 33
0.0
  0
MTEXT
  5
4CE
330
4C8
100
AcDbEntity
  8
0
  6
Continuous
 62
     0
390
11
100
AcDbMText
 10
-9.654721816309541
 20
-175.6995621709334
 30
0.0
 40
0.18
 41
0.0
 46
0.0
 71
     5
 72
     1
  1
\A1;0.7510
 73
     1
 44
1.0
  0
POINT
  5
4CF
330
4C8
100
AcDbEntity
  8
Defpoints
  6
Continuous
 62
     0
100
AcDbPoint
 10
-4.379792838060959
 20
-175.3240471709334
 30
0.0
  0
POINT
  5
4D0
330
4C8
100
AcDbEntity
  8
Defpoints
  6
Continuous
 62
     0
100
AcDbPoint
 10
-4.379792838060955
 20
-176.0750771709334
 30
0.0
  0
POINT
  5
4D1
330
4C8
100
AcDbEntity
  8
Defpoints
  6
Continuous
 62
     0
100
AcDbPoint
 10
-9.249721816309535
 20
-176.0750771709334
 30
0.0
  0
ENDBLK
  5
4D3
330
4C8
100
AcDbEntity
  8
0
100
AcDbBlockEnd
  0
BLOCK
  5
4E2
330
4D7
100
AcDbEntity
  8
0
  6
Continuous
100
AcDbBlockBegin
  2
*D1
 70
     1
 10
0.0
 20
0.0
 30
0.0
  3
*D1
  1
Acad:XRef
  0
LINE
  5
4D8
330
4D7
100
AcDbEntity
  8
0
  6
Continuous
 62
     0
370
    -2
100
AcDbLine
 10
5.34375
 20
-121.3
 30
0.0
 11
-5.595314063630187
 21
-121.3000000000002
 31
0.0
  0
LINE
  5
4D9
330
4D7
100
AcDbEntity
  8
0
  6
Continuous
 62
     0
370
    -2
100
AcDbLine
 10
5.34375
 20
7388.7
 30
0.0
 11
-5.595314063629727
 21
7388.7
 31
0.0
  0
LINE
  5
4DA
330
4D7
100
AcDbEntity
  8
0
  6
Continuous
 62
     0
370
    -2
100
AcDbLine
 10
-5.415314063630188
 20
-121.1200000000002
 30
0.0
 11
-5.415314063629958
 21
3633.52
 31
0.0
  0
LINE
  5
4DB
330
4D7
100
AcDbEntity
  8
0
  6
Continuous
 62
     0
370
    -2
100
AcDbLine
 10
-5.415314063629728
 20
7388.52
 30
0.0
 11
-5.415314063629958
 21
3633.88
 31
0.0
  0
SOLID
  5
4DC
330
4D7
100
AcDbEntity
  8
0
  6
Continuous
 62
     0
100
AcDbTrace
 10
-5.445314063630188
 20
-121.1200000000002
 30
0.0
 11
-5.385314063630187
 21
-121.1200000000002
 31
0.0
 12
-5.415314063630188
 22
-121.3000000000002
 32
0.0
 13
-5.415314063630188
 23
-121.3000000000002
 33
0.0
  0
SOLID
  5
4DD
330
4D7
100
AcDbEntity
  8
0
  6
Continuous
 62
     0
100
AcDbTrace
 10
-5.385314063629727
 20
7388.52
 30
0.0
 11
-5.445314063629728
 21
7388.52
 31
0.0
 12
-5.415314063629728
 22
7388.7
 32
0.0
 13
-5.415314063629728
 23
7388.7
 33
0.0
  0
MTEXT
  5
4DE
330
4D7
100
AcDbEntity
  8
0
  6
Continuous
 62
     0
390
11
100
AcDbMText
 10
-5.415314063629958
 20
3633.7
 30
0.0
 40
0.18
 41
0.0
 46
0.0
 71
     5
 72
     1
  1
\A1;7510.0000
 73
     1
 44
1.0
  0
POINT
  5
4DF
330
4D7
100
AcDbEntity
  8
Defpoints
  6
Continuous
 62
     0
100
AcDbPoint
 10
5.40625
 20
-121.3
 30
0.0
  0
POINT
  5
4E0
330
4D7
100
AcDbEntity
  8
Defpoints
  6
Continuous
 62
     0
100
AcDbPoint
 10
5.40625
 20
7388.7
 30
0.0
  0
POINT
  5
4E1
330
4D7
100
AcDbEntity
  8
Defpoints
  6
Continuous
 62
     0
100
AcDbPoint
 10
-5.415314063629728
 20
7388.7
 30
0.0
  0
ENDBLK
  5
4E3
330
4D7
100
AcDbEntity
  8
0
  6
Continuous
100
AcDbBlockEnd
  0
BLOCK
  5
4F1
330
4E7
100
AcDbEntity
  8
0
100
AcDbBlockBegin
  2
*D2
 70
     1
 10
0.0
 20
0.0
 30
0.0
  3
*D2
  1
Acad:XRef
  0
LINE
  5
4E8
330
4E7
100
AcDbEntity
  8
0
  6
Continuous
 62
     0
370
    -2
100
AcDbLine
 10
5.34375
 20
-121.3
 30
0.0
 11
-4.465940217804803
 21
-121.3
 31
0.0
  0
LINE
  5
4E9
330
4E7
100
AcDbEntity
  8
0
  6
Continuous
 62
     0
370
    -2
100
AcDbLine
 10
5.34375
 20
-122.051
 30
0.0
 11
-4.465940217804803
 21
-122.051
 31
0.0
  0
LINE
  5
4EA
330
4E7
100
AcDbEntity
  8
0
  6
Continuous
 62
     0
370
    -2
100
AcDbLine
 10
-4.285940217804804
 20
-121.48
 30
0.0
 11
-4.285940217804804
 21
-121.871
 31
0.0
  0
SOLID
  5
4EB
330
4E7
100
AcDbEntity
  8
0
  6
Continuous
 62
     0
100
AcDbTrace
 10
-4.255940217804803
 20
-121.48
 30
0.0
 11
-4.315940217804804
 21
-121.48
 31
0.0
 12
-4.285940217804804
 22
-121.3
 32
0.0
 13
-4.285940217804804
 23
-121.3
 33
0.0
  0
SOLID
  5
4EC
330
4E7
100
AcDbEntity
  8
0
  6
Continuous
 62
     0
100
AcDbTrace
 10
-4.315940217804804
 20
-121.871
 30
0.0
 11
-4.255940217804803
 21
-121.871
 31
0.0
 12
-4.285940217804804
 22
-122.051
 32
0.0
 13
-4.285940217804804
 23
-122.051
 33
0.0
  0
MTEXT
  5
4ED
330
4E7
100
AcDbEntity
  8
0
  6
Continuous
 62
     0
390
11
100
AcDbMText
 10
-4.69094021780481
 20
-121.6755
 30
0.0
 40
0.18
 41
0.0
 46
0.0
 71
     5
 72
     1
  1
\A1;0.7510
 73
     1
 44
1.0
  0
POINT
  5
4EE
330
4E7
100
AcDbEntity
  8
Defpoints
  6
Continuous
 62
     0
100
AcDbPoint
 10
5.40625
 20
-121.3
 30
0.0
  0
POINT
  5
4EF
330
4E7
100
AcDbEntity
  8
Defpoints
  6
Continuous
 62
     0
100
AcDbPoint
 10
5.40625
 20
-122.051
 30
0.0
  0
POINT
  5
4F0
330
4E7
100
AcDbEntity
  8
Defpoints
  6
Continuous
 62
     0
100
AcDbPoint
 10
-4.285940217804804
 20
-122.051
 30
0.0
  0
ENDBLK
  5
4F2
330
4E7
100
AcDbEntity
  8
0
100
AcDbBlockEnd
  0
BLOCK
  5
501
330
4F6
100
AcDbEntity
  8
0
100
AcDbBlockBegin
  2
*D3
 70
     1
 10
0.0
 20
0.0
 30
0.0
  3
*D3
  1
Acad:XRef
  0
LINE
  5
4F7
330
4F6
100
AcDbEntity
  8
0
  6
Continuous
 62
     0
370
    -2
100
AcDbLine
 10
4.90625
 20
-107.8625
 30
0.0
 11
4.906249999999998
 21
-126.0227372097185
 31
0.0
  0
LINE
  5
4F8
330
4F6
100
AcDbEntity
  8
0
  6
Continuous
 62
     0
370
    -2
100
AcDbLine
 10
18.90625
 20
-107.8625
 30
0.0
 11
18.90625
 21
-126.0227372097185
 31
0.0
  0
LINE
  5
4F9
330
4F6
100
AcDbEntity
  8
0
  6
Continuous
 62
     0
370
    -2
100
AcDbLine
 10
5.086249999999998
 20
-125.8427372097185
 30
0.0
 11
11.36625
 21
-125.8427372097185
 31
0.0
  0
LINE
  5
4FA
330
4F6
100
AcDbEntity
  8
0
  6
Continuous
 62
     0
370
    -2
100
AcDbLine
 10
18.72625
 20
-125.8427372097185
 30
0.0
 11
12.44625
 21
-125.8427372097185
 31
0.0
  0
SOLID
  5
4FB
330
4F6
100
AcDbEntity
  8
0
  6
Continuous
 62
     0
100
AcDbTrace
 10
5.086249999999998
 20
-125.8127372097184
 30
0.0
 11
5.086249999999998
 21
-125.8727372097185
 31
0.0
 12
4.906249999999998
 22
-125.8427372097185
 32
0.0
 13
4.906249999999998
 23
-125.8427372097185
 33
0.0
  0
SOLID
  5
4FC
330
4F6
100
AcDbEntity
  8
0
  6
Continuous
 62
     0
100
AcDbTrace
 10
18.72625
 20
-125.8727372097185
 30
0.0
 11
18.72625
 21
-125.8127372097184
 31
0.0
 12
18.90625
 22
-125.8427372097185
 32
0.0
 13
18.90625
 23
-125.8427372097185
 33
0.0
  0
MTEXT
  5
4FD
330
4F6
100
AcDbEntity
  8
0
  6
Continuous
 62
     0
390
11
100
AcDbMText
 10
11.90625
 20
-125.8427372097185
 30
0.0
 40
0.18
 41
0.0
 46
0.0
 71
     5
 72
     1
  1
\A1;14.0000
 73
     1
 44
1.0
  0
POINT
  5
4FE
330
4F6
100
AcDbEntity
  8
Defpoints
  6
Continuous
 62
     0
100
AcDbPoint
 10
4.90625
 20
-107.8
 30
0.0
  0
POINT
  5
4FF
330
4F6
100
AcDbEntity
  8
Defpoints
  6
Continuous
 62
     0
100
AcDbPoint
 10
18.90625
 20
-107.8
 30
0.0
  0
POINT
  5
500
330
4F6
100
AcDbEntity
  8
Defpoints
  6
Continuous
 62
     0
100
AcDbPoint
 10
18.90625
 20
-125.8427372097185
 30
0.0
  0
ENDBLK
  5
502
330
4F6
100
AcDbEntity
  8
0
100
AcDbBlockEnd
  0
BLOCK
  5
511
330
506
100
AcDbEntity
  8
0
100
AcDbBlockBegin
  2
*D4
 70
     1
 10
0.0
 20
0.0
 30
0.0
  3
*D4
  1
Acad:XRef
  0
LINE
  5
507
330
506
100
AcDbEntity
  8
0
  6
Continuous
 62
     0
370
    -2
100
AcDbLine
 10
-4.379792838060959
 20
-161.2620871709334
 30
0.0
 11
-4.379792838060959
 21
-157.6297672905563
 31
0.0
  0
LINE
  5
508
330
506
100
AcDbEntity
  8
0
  6
Continuous
 62
     0
370
    -2
100
AcDbLine
 10
9.61969716193904
 20
-161.2620871709334
 30
0.0
 11
9.61969716193904
 21
-157.6297672905563
 31
0.0
  0
LINE
  5
509
330
506
100
AcDbEntity
  8
0
  6
Continuous
 62
     0
370
    -2
100
AcDbLine
 10
-4.19979283806096
 20
-157.8097672905563
 30
0.0
 11
2.019952161939041
 21
-157.8097672905563
 31
0.0
  0
LINE
  5
50A
330
506
100
AcDbEntity
  8
0
  6
Continuous
 62
     0
370
    -2
100
AcDbLine
 10
9.43969716193904
 20
-157.8097672905563
 30
0.0
 11
3.21995216193904
 21
-157.8097672905563
 31
0.0
  0
SOLID
  5
50B
330
506
100
AcDbEntity
  8
0
  6
Continuous
 62
     0
100
AcDbTrace
 10
-4.19979283806096
 20
-157.7797672905563
 30
0.0
 11
-4.19979283806096
 21
-157.8397672905563
 31
0.0
 12
-4.379792838060959
 22
-157.8097672905563
 32
0.0
 13
-4.379792838060959
 23
-157.8097672905563
 33
0.0
  0
SOLID
  5
50C
330
506
100
AcDbEntity
  8
0
  6
Continuous
 62
     0
100
AcDbTrace
 10
9.43969716193904
 20
-157.8397672905563
 30
0.0
 11
9.43969716193904
 21
-157.7797672905563
 31
0.0
 12
9.61969716193904
 22
-157.8097672905563
 32
0.0
 13
9.61969716193904
 23
-157.8097672905563
 33
0.0
  0
MTEXT
  5
50D
330
506
100
AcDbEntity
  8
0
  6
Continuous
 62
     0
390
11
100
AcDbMText
 10
2.61995216193904
 20
-157.8097672905563
 30
0.0
 40
0.18
 41
0.0
 46
0.0
 71
     5
 72
     1
  1
\A1;13.9995
 73
     1
 44
1.0
  0
POINT
  5
50E
330
506
100
AcDbEntity
  8
Defpoints
  6
Continuous
 62
     0
100
AcDbPoint
 10
-4.379792838060959
 20
-161.3245871709334
 30
0.0
  0
POINT
  5
50F
330
506
100
AcDbEntity
  8
Defpoints
  6
Continuous
 62
     0
100
AcDbPoint
 10
9.61969716193904
 20
-161.3245871709334
 30
0.0
  0
POINT
  5
510
330
506
100
AcDbEntity
  8
Defpoints
  6
Continuous
 62
     0
100
AcDbPoint
 10
9.61969716193904
 20
-157.8097672905563
 30
0.0
  0
ENDBLK
  5
512
330
506
100
AcDbEntity
  8
0
100
AcDbBlockEnd
  0
BLOCK
  5
6E6
330
67D
100
AcDbEntity
  8
0
100
AcDbBlockBegin
  2
G$C8882F548
 70
     0
 10
0.0
 20
0.0
 30
0.0
  3
G$C8882F548
  1
Acad:XRef
  0
LINE
  5
69E
330
67D
100
AcDbEntity
  8
0
 62
     0
100
AcDbLine
 10
119.06109
 20
14.75049
 30
0.0
 11
119.06109
 21
10.04999
 31
0.0
  0
LINE
  5
69F
330
67D
100
AcDbEntity
  8
0
 62
     0
100
AcDbLine
 10
119.06109
 20
10.04999
 30
0.0
 11
79.43719
 21
10.04999
 31
0.0
  0
LINE
  5
6A0
330
67D
100
AcDbEntity
  8
0
 62
     0
100
AcDbLine
 10
79.43719
 20
10.04999
 30
0.0
 11
79.43719
 21
13.28019
 31
0.0
  0
LINE
  5
6A1
330
67D
100
AcDbEntity
  8
0
 62
     0
100
AcDbLine
 10
79.43719
 20
13.28019
 30
0.0
 11
77.71168999999999
 21
13.28019
 31
0.0
  0
LINE
  5
6A2
330
67D
100
AcDbEntity
  8
0
 62
     0
100
AcDbLine
 10
77.71168999999999
 20
13.28019
 30
0.0
 11
77.71168999999999
 21
14.20069
 31
0.0
  0
LINE
  5
6A3
330
67D
100
AcDbEntity
  8
0
 62
     0
100
AcDbLine
 10
77.71168999999999
 20
14.20069
 30
0.0
 11
74.41109
 21
14.20069
 31
0.0
  0
LINE
  5
6A4
330
67D
100
AcDbEntity
  8
0
 62
     0
100
AcDbLine
 10
74.41109
 20
14.20069
 30
0.0
 11
74.41109
 21
13.28019
 31
0.0
  0
LINE
  5
6A5
330
67D
100
AcDbEntity
  8
0
 62
     0
100
AcDbLine
 10
74.41109
 20
13.28019
 30
0.0
 11
72.68609
 21
13.28019
 31
0.0
  0
LINE
  5
6A6
330
67D
100
AcDbEntity
  8
0
 62
     0
100
AcDbLine
 10
72.68609
 20
13.28019
 30
0.0
 11
72.68609
 21
10.04999
 31
0.0
  0
LINE
  5
6A7
330
67D
100
AcDbEntity
  8
0
 62
     0
100
AcDbLine
 10
72.68609
 20
10.04999
 30
0.0
 11
71.86198999999999
 21
10.04999
 31
0.0
  0
LINE
  5
6A8
330
67D
100
AcDbEntity
  8
0
 62
     0
100
AcDbLine
 10
71.86198999999999
 20
10.04999
 30
0.0
 11
71.86198999999999
 21
7.251230000000001
 31
0.0
  0
LINE
  5
6A9
330
67D
100
AcDbEntity
  8
0
 62
     0
100
AcDbLine
 10
71.86198999999999
 20
7.251230000000001
 30
0.0
 11
72.68609
 21
7.251230000000001
 31
0.0
  0
LINE
  5
6AA
330
67D
100
AcDbEntity
  8
0
 62
     0
100
AcDbLine
 10
72.68609
 20
7.251230000000001
 30
0.0
 11
72.68609
 21
0.9811600000000018
 31
0.0
  0
LINE
  5
6AB
330
67D
100
AcDbEntity
  8
0
 62
     0
100
AcDbLine
 10
72.68609
 20
0.9811600000000018
 30
0.0
 11
74.41109
 21
0.9811600000000018
 31
0.0
  0
LINE
  5
6AC
330
67D
100
AcDbEntity
  8
0
 62
     0
100
AcDbLine
 10
74.41109
 20
0.9811600000000018
 30
0.0
 11
74.41109
 21
0.0000000000000018
 31
0.0
  0
LINE
  5
6AD
330
67D
100
AcDbEntity
  8
0
 62
     0
100
AcDbLine
 10
74.41109
 20
0.0000000000000018
 30
0.0
 11
77.71168999999999
 21
0.0000000000000018
 31
0.0
  0
LINE
  5
6AE
330
67D
100
AcDbEntity
  8
0
 62
     0
100
AcDbLine
 10
77.71168999999999
 20
0.0000000000000018
 30
0.0
 11
77.71168999999999
 21
0.9811600000000018
 31
0.0
  0
LINE
  5
6AF
330
67D
100
AcDbEntity
  8
0
 62
     0
100
AcDbLine
 10
77.71168999999999
 20
0.9811600000000018
 30
0.0
 11
79.43719
 21
0.9811600000000018
 31
0.0
  0
LINE
  5
6B0
330
67D
100
AcDbEntity
  8
0
 62
     0
100
AcDbLine
 10
79.43719
 20
0.9811600000000018
 30
0.0
 11
79.43719
 21
5.450120000000002
 31
0.0
  0
LINE
  5
6B1
330
67D
100
AcDbEntity
  8
0
 62
     0
100
AcDbLine
 10
79.43719
 20
5.450120000000002
 30
0.0
 11
119.06109
 21
5.450120000000002
 31
0.0
  0
LINE
  5
6B2
330
67D
100
AcDbEntity
  8
0
 62
     0
100
AcDbLine
 10
119.06109
 20
5.450120000000002
 30
0.0
 11
119.06109
 21
0.7510300000000019
 31
0.0
  0
LINE
  5
6B3
330
67D
100
AcDbEntity
  8
0
 62
     0
100
AcDbLine
 10
119.06109
 20
0.7510300000000019
 30
0.0
 11
133.06209
 21
0.7510300000000019
 31
0.0
  0
LINE
  5
6B4
330
67D
100
AcDbEntity
  8
0
 62
     0
100
AcDbLine
 10
133.06209
 20
0.7510300000000019
 30
0.0
 11
133.06209
 21
5.450120000000002
 31
0.0
  0
LINE
  5
6B5
330
67D
100
AcDbEntity
  8
0
 62
     0
100
AcDbLine
 10
133.06209
 20
5.450120000000002
 30
0.0
 11
172.68609
 21
5.450120000000002
 31
0.0
  0
LINE
  5
6B6
330
67D
100
AcDbEntity
  8
0
 62
     0
100
AcDbLine
 10
172.68609
 20
5.450120000000002
 30
0.0
 11
172.68609
 21
0.9811600000000018
 31
0.0
  0
LINE
  5
6B7
330
67D
100
AcDbEntity
  8
0
 62
     0
100
AcDbLine
 10
172.68609
 20
0.9811600000000018
 30
0.0
 11
174.41109
 21
0.9811600000000018
 31
0.0
  0
LINE
  5
6B8
330
67D
100
AcDbEntity
  8
0
 62
     0
100
AcDbLine
 10
174.41109
 20
0.9811600000000018
 30
0.0
 11
174.41109
 21
0.0000000000000018
 31
0.0
  0
LINE
  5
6B9
330
67D
100
AcDbEntity
  8
0
 62
     0
100
AcDbLine
 10
174.41109
 20
0.0000000000000018
 30
0.0
 11
177.71209
 21
0.0000000000000018
 31
0.0
  0
LINE
  5
6BA
330
67D
100
AcDbEntity
  8
0
 62
     0
100
AcDbLine
 10
177.71209
 20
0.0000000000000018
 30
0.0
 11
177.71209
 21
0.9811600000000018
 31
0.0
  0
LINE
  5
6BB
330
67D
100
AcDbEntity
  8
0
 62
     0
100
AcDbLine
 10
177.71209
 20
0.9811600000000018
 30
0.0
 11
179.43709
 21
0.9811600000000018
 31
0.0
  0
LINE
  5
6BC
330
67D
100
AcDbEntity
  8
0
 62
     0
100
AcDbLine
 10
179.43709
 20
0.9811600000000018
 30
0.0
 11
179.43709
 21
7.251230000000001
 31
0.0
  0
LINE
  5
6BD
330
67D
100
AcDbEntity
  8
0
 62
     0
100
AcDbLine
 10
179.43709
 20
7.251230000000001
 30
0.0
 11
180.26109
 21
7.251230000000001
 31
0.0
  0
LINE
  5
6BE
330
67D
100
AcDbEntity
  8
0
 62
     0
100
AcDbLine
 10
180.26109
 20
7.251230000000001
 30
0.0
 11
180.26109
 21
10.04999
 31
0.0
  0
LINE
  5
6BF
330
67D
100
AcDbEntity
  8
0
 62
     0
100
AcDbLine
 10
180.26109
 20
10.04999
 30
0.0
 11
179.43709
 21
10.04999
 31
0.0
  0
LINE
  5
6C0
330
67D
100
AcDbEntity
  8
0
 62
     0
100
AcDbLine
 10
179.43709
 20
10.04999
 30
0.0
 11
179.43709
 21
13.28019
 31
0.0
  0
LINE
  5
6C1
330
67D
100
AcDbEntity
  8
0
 62
     0
100
AcDbLine
 10
179.43709
 20
13.28019
 30
0.0
 11
177.71209
 21
13.28019
 31
0.0
  0
LINE
  5
6C2
330
67D
100
AcDbEntity
  8
0
 62
     0
100
AcDbLine
 10
177.71209
 20
13.28019
 30
0.0
 11
177.71209
 21
14.20069
 31
0.0
  0
LINE
  5
6C3
330
67D
100
AcDbEntity
  8
0
 62
     0
100
AcDbLine
 10
177.71209
 20
14.20069
 30
0.0
 11
174.41109
 21
14.20069
 31
0.0
  0
LINE
  5
6C4
330
67D
100
AcDbEntity
  8
0
 62
     0
100
AcDbLine
 10
174.41109
 20
14.20069
 30
0.0
 11
174.41109
 21
13.28019
 31
0.0
  0
LINE
  5
6C5
330
67D
100
AcDbEntity
  8
0
 62
     0
100
AcDbLine
 10
174.41109
 20
13.28019
 30
0.0
 11
172.68609
 21
13.28019
 31
0.0
  0
LINE
  5
6C6
330
67D
100
AcDbEntity
  8
0
 62
     0
100
AcDbLine
 10
172.68609
 20
13.28019
 30
0.0
 11
172.68609
 21
10.04999
 31
0.0
  0
LINE
  5
6C7
330
67D
100
AcDbEntity
  8
0
 62
     0
100
AcDbLine
 10
172.68609
 20
10.04999
 30
0.0
 11
133.06209
 21
10.04999
 31
0.0
  0
LINE
  5
6C8
330
67D
100
AcDbEntity
  8
0
 62
     0
100
AcDbLine
 10
133.06209
 20
10.04999
 30
0.0
 11
133.06209
 21
14.75049
 31
0.0
  0
LINE
  5
6C9
330
67D
100
AcDbEntity
  8
0
 62
     0
100
AcDbLine
 10
133.06209
 20
14.75049
 30
0.0
 11
119.06109
 21
14.75049
 31
0.0
  0
LINE
  5
6CA
330
67D
100
AcDbEntity
  8
0
 62
     0
100
AcDbLine
 10
-0.0000000000000044
 20
14.75049
 30
0.0
 11
13.99948999999999
 21
14.75049
 31
0.0
  0
LINE
  5
6CB
330
67D
100
AcDbEntity
  8
0
 62
     0
100
AcDbLine
 10
13.99948999999999
 20
14.75049
 30
0.0
 11
13.99948999999999
 21
0.7510300000000019
 31
0.0
  0
LINE
  5
6CC
330
67D
100
AcDbEntity
  8
0
 62
     0
100
AcDbLine
 10
13.99948999999999
 20
0.7510300000000019
 30
0.0
 11
-0.0000000000000044
 21
0.7510300000000019
 31
0.0
  0
LINE
  5
6CD
330
67D
100
AcDbEntity
  8
0
 62
     0
100
AcDbLine
 10
-0.0000000000000044
 20
0.7510300000000019
 30
0.0
 11
-0.0000000000000044
 21
14.75049
 31
0.0
  0
LINE
  5
6CE
330
67D
100
AcDbEntity
  8
0
 62
     0
100
AcDbLine
 10
23.81109
 20
14.75049
 30
0.0
 11
37.81189
 21
14.75049
 31
0.0
  0
LINE
  5
6CF
330
67D
100
AcDbEntity
  8
0
 62
     0
100
AcDbLine
 10
37.81189
 20
14.75049
 30
0.0
 11
37.81189
 21
0.7510300000000019
 31
0.0
  0
LINE
  5
6D0
330
67D
100
AcDbEntity
  8
0
 62
     0
100
AcDbLine
 10
37.81189
 20
0.7510300000000019
 30
0.0
 11
23.81109
 21
0.7510300000000019
 31
0.0
  0
LINE
  5
6D1
330
67D
100
AcDbEntity
  8
0
 62
     0
100
AcDbLine
 10
23.81109
 20
0.7510300000000019
 30
0.0
 11
23.81109
 21
14.75049
 31
0.0
  0
LINE
  5
6D2
330
67D
100
AcDbEntity
  8
0
 62
     0
100
AcDbLine
 10
47.62508999999999
 20
14.75049
 30
0.0
 11
61.62438999999999
 21
14.75049
 31
0.0
  0
LINE
  5
6D3
330
67D
100
AcDbEntity
  8
0
 62
     0
100
AcDbLine
 10
61.62438999999999
 20
14.75049
 30
0.0
 11
61.62438999999999
 21
0.7510300000000019
 31
0.0
  0
LINE
  5
6D4
330
67D
100
AcDbEntity
  8
0
 62
     0
100
AcDbLine
 10
61.62438999999999
 20
0.7510300000000019
 30
0.0
 11
47.62508999999999
 21
0.7510300000000019
 31
0.0
  0
LINE
  5
6D5
330
67D
100
AcDbEntity
  8
0
 62
     0
100
AcDbLine
 10
47.62508999999999
 20
0.7510300000000019
 30
0.0
 11
47.62508999999999
 21
14.75049
 31
0.0
  0
LINE
  5
6D6
330
67D
100
AcDbEntity
  8
0
 62
     0
100
AcDbLine
 10
190.50009
 20
14.75049
 30
0.0
 11
204.49909
 21
14.75049
 31
0.0
  0
LINE
  5
6D7
330
67D
100
AcDbEntity
  8
0
 62
     0
100
AcDbLine
 10
204.49909
 20
14.75049
 30
0.0
 11
204.49909
 21
0.7510300000000019
 31
0.0
  0
LINE
  5
6D8
330
67D
100
AcDbEntity
  8
0
 62
     0
100
AcDbLine
 10
204.49909
 20
0.7510300000000019
 30
0.0
 11
190.50009
 21
0.7510300000000019
 31
0.0
  0
LINE
  5
6D9
330
67D
100
AcDbEntity
  8
0
 62
     0
100
AcDbLine
 10
190.50009
 20
0.7510300000000019
 30
0.0
 11
190.50009
 21
14.75049
 31
0.0
  0
LINE
  5
6DA
330
67D
100
AcDbEntity
  8
0
 62
     0
100
AcDbLine
 10
214.31109
 20
14.75049
 30
0.0
 11
228.31209
 21
14.75049
 31
0.0
  0
LINE
  5
6DB
330
67D
100
AcDbEntity
  8
0
 62
     0
100
AcDbLine
 10
228.31209
 20
14.75049
 30
0.0
 11
228.31209
 21
0.7510300000000019
 31
0.0
  0
LINE
  5
6DC
330
67D
100
AcDbEntity
  8
0
 62
     0
100
AcDbLine
 10
228.31209
 20
0.7510300000000019
 30
0.0
 11
214.31109
 21
0.7510300000000019
 31
0.0
  0
LINE
  5
6DD
330
67D
100
AcDbEntity
  8
0
 62
     0
100
AcDbLine
 10
214.31109
 20
0.7510300000000019
 30
0.0
 11
214.31109
 21
14.75049
 31
0.0
  0
LINE
  5
6DE
330
67D
100
AcDbEntity
  8
0
 62
     0
100
AcDbLine
 10
238.12509
 20
14.75049
 30
0.0
 11
252.12409
 21
14.75049
 31
0.0
  0
LINE
  5
6DF
330
67D
100
AcDbEntity
  8
0
 62
     0
100
AcDbLine
 10
252.12409
 20
14.75049
 30
0.0
 11
252.12409
 21
0.7510300000000019
 31
0.0
  0
LINE
  5
6E0
330
67D
100
AcDbEntity
  8
0
 62
     0
100
AcDbLine
 10
252.12409
 20
0.7510300000000019
 30
0.0
 11
238.12509
 21
0.7510300000000019
 31
0.0
  0
LINE
  5
6E1
330
67D
100
AcDbEntity
  8
0
 62
     0
100
AcDbLine
 10
238.12509
 20
0.7510300000000019
 30
0.0
 11
238.12509
 21
14.75049
 31
0.0
  0
LINE
  5
6E2
330
67D
100
AcDbEntity
  8
0
 62
     0
100
AcDbLine
 10
261.93609
 20
14.75049
 30
0.0
 11
275.93709
 21
14.75049
 31
0.0
  0
LINE
  5
6E3
330
67D
100
AcDbEntity
  8
0
 62
     0
100
AcDbLine
 10
275.93709
 20
14.75049
 30
0.0
 11
275.93709
 21
0.7510300000000019
 31
0.0
  0
LINE
  5
6E4
330
67D
100
AcDbEntity
  8
0
 62
     0
100
AcDbLine
 10
275.93709
 20
0.7510300000000019
 30
0.0
 11
261.93609
 21
0.7510300000000019
 31
0.0
  0
LINE
  5
6E5
330
67D
100
AcDbEntity
  8
0
 62
     0
100
AcDbLine
 10
261.93609
 20
0.7510300000000019
 30
0.0
 11
261.93609
 21
14.75049
 31
0.0
  0
ENDBLK
  5
6E7
330
67D
100
AcDbEntity
  8
0
100
AcDbBlockEnd
  0
BLOCK
  5
8DF
330
8D5
100
AcDbEntity
  8
0
100
AcDbBlockBegin
  2
*D6
 70
     1
 10
0.0
 20
0.0
 30
0.0
  3
*D6
  1
Acad:XRef
  0
LINE
  5
8D6
330
8D5
100
AcDbEntity
  8
0
  6
Continuous
 62
     0
370
    -2
100
AcDbLine
 10
87.86528871467209
 20
-332.365114443238
 30
0.0
 11
81.81235414475395
 21
-332.365114443238
 31
0.0
  0
LINE
  5
8D7
330
8D5
100
AcDbEntity
  8
0
  6
Continuous
 62
     0
370
    -2
100
AcDbLine
 10
87.86528871467209
 20
-333.116114443238
 30
0.0
 11
81.81235414475395
 21
-333.116114443238
 31
0.0
  0
LINE
  5
8D8
330
8D5
100
AcDbEntity
  8
0
  6
Continuous
 62
     0
370
    -2
100
AcDbLine
 10
81.99235414475396
 20
-332.545114443238
 30
0.0
 11
81.99235414475396
 21
-332.936114443238
 31
0.0
  0
SOLID
  5
8D9
330
8D5
100
AcDbEntity
  8
0
  6
Continuous
 62
     0
100
AcDbTrace
 10
82.02235414475396
 20
-332.545114443238
 30
0.0
 11
81.96235414475396
 21
-332.545114443238
 31
0.0
 12
81.99235414475396
 22
-332.365114443238
 32
0.0
 13
81.99235414475396
 23
-332.365114443238
 33
0.0
  0
SOLID
  5
8DA
330
8D5
100
AcDbEntity
  8
0
  6
Continuous
 62
     0
100
AcDbTrace
 10
81.96235414475396
 20
-332.936114443238
 30
0.0
 11
82.02235414475396
 21
-332.936114443238
 31
0.0
 12
81.99235414475396
 22
-333.116114443238
 32
0.0
 13
81.99235414475396
 23
-333.116114443238
 33
0.0
  0
MTEXT
  5
8DB
330
8D5
100
AcDbEntity
  8
0
  6
Continuous
 62
     0
390
11
100
AcDbMText
 10
81.58735414475402
 20
-332.740614443238
 30
0.0
 40
0.18
 41
0.0
 46
0.0
 71
     5
 72
     1
  1
\A1;0.7510
 73
     1
 44
1.0
  0
POINT
  5
8DC
330
8D5
100
AcDbEntity
  8
Defpoints
  6
Continuous
 62
     0
100
AcDbPoint
 10
87.92778871467209
 20
-332.365114443238
 30
0.0
  0
POINT
  5
8DD
330
8D5
100
AcDbEntity
  8
Defpoints
  6
Continuous
 62
     0
100
AcDbPoint
 10
87.92778871467209
 20
-333.116114443238
 30
0.0
  0
POINT
  5
8DE
330
8D5
100
AcDbEntity
  8
Defpoints
  6
Continuous
 62
     0
100
AcDbPoint
 10
81.99235414475396
 20
-333.116114443238
 30
0.0
  0
ENDBLK
  5
8E0
330
8D5
100
AcDbEntity
  8
0
100
AcDbBlockEnd
  0
BLOCK
  5
8EE
330
8E4
100
AcDbEntity
  8
0
100
AcDbBlockBegin
  2
*D7
 70
     1
 10
0.0
 20
0.0
 30
0.0
  3
*D7
  1
Acad:XRef
  0
LINE
  5
8E5
330
8E4
100
AcDbEntity
  8
0
  6
Continuous
 62
     0
370
    -2
100
AcDbLine
 10
230.4
 20
-102.25
 30
0.0
 11
237.4344533959221
 21
-102.25
 31
0.0
  0
LINE
  5
8E6
330
8E4
100
AcDbEntity
  8
0
  6
Continuous
 62
     0
370
    -2
100
AcDbLine
 10
230.4
 20
-103.001
 30
0.0
 11
237.4344533959221
 21
-103.001
 31
0.0
  0
LINE
  5
8E7
330
8E4
100
AcDbEntity
  8
0
  6
Continuous
 62
     0
370
    -2
100
AcDbLine
 10
237.2544533959221
 20
-102.43
 30
0.0
 11
237.2544533959221
 21
-102.821
 31
0.0
  0
SOLID
  5
8E8
330
8E4
100
AcDbEntity
  8
0
  6
Continuous
 62
     0
100
AcDbTrace
 10
237.2844533959221
 20
-102.43
 30
0.0
 11
237.2244533959221
 21
-102.43
 31
0.0
 12
237.2544533959221
 22
-102.25
 32
0.0
 13
237.2544533959221
 23
-102.25
 33
0.0
  0
SOLID
  5
8E9
330
8E4
100
AcDbEntity
  8
0
  6
Continuous
 62
     0
100
AcDbTrace
 10
237.2244533959221
 20
-102.821
 30
0.0
 11
237.2844533959221
 21
-102.821
 31
0.0
 12
237.2544533959221
 22
-103.001
 32
0.0
 13
237.2544533959221
 23
-103.001
 33
0.0
  0
MTEXT
  5
8EA
330
8E4
100
AcDbEntity
  8
0
  6
Continuous
 62
     0
390
11
100
AcDbMText
 10
237.8394533959221
 20
-102.6255
 30
0.0
 40
0.18
 41
0.0
 46
0.0
 71
     5
 72
     1
  1
\A1;0.7510
 73
     1
 44
1.0
  0
POINT
  5
8EB
330
8E4
100
AcDbEntity
  8
Defpoints
  6
Continuous
 62
     0
100
AcDbPoint
 10
230.3375
 20
-102.25
 30
0.0
  0
POINT
  5
8EC
330
8E4
100
AcDbEntity
  8
Defpoints
  6
Continuous
 62
     0
100
AcDbPoint
 10
230.3375
 20
-103.001
 30
0.0
  0
POINT
  5
8ED
330
8E4
100
AcDbEntity
  8
Defpoints
  6
Continuous
 62
     0
100
AcDbPoint
 10
237.2544533959221
 20
-103.001
 30
0.0
  0
ENDBLK
  5
8EF
330
8E4
100
AcDbEntity
  8
0
100
AcDbBlockEnd
  0
BLOCK
  5
8FE
330
8F3
100
AcDbEntity
  8
0
100
AcDbBlockBegin
  2
*D8
 70
     1
 10
0.0
 20
0.0
 30
0.0
  3
*D8
  1
Acad:XRef
  0
LINE
  5
8F4
330
8F3
100
AcDbEntity
  8
0
  6
Continuous
 62
     0
370
    -2
100
AcDbLine
 10
230.8375
 20
-88.8125
 30
0.0
 11
230.8375
 21
-104.7462934983537
 31
0.0
  0
LINE
  5
8F5
330
8F3
100
AcDbEntity
  8
0
  6
Continuous
 62
     0
370
    -2
100
AcDbLine
 10
216.8375
 20
-88.8125
 30
0.0
 11
216.8375
 21
-104.7462934983537
 31
0.0
  0
LINE
  5
8F6
330
8F3
100
AcDbEntity
  8
0
  6
Continuous
 62
     0
370
    -2
100
AcDbLine
 10
230.6575
 20
-104.5662934983536
 30
0.0
 11
224.3775
 21
-104.5662934983536
 31
0.0
  0
LINE
  5
8F7
330
8F3
100
AcDbEntity
  8
0
  6
Continuous
 62
     0
370
    -2
100
AcDbLine
 10
217.0175
 20
-104.5662934983536
 30
0.0
 11
223.2975
 21
-104.5662934983536
 31
0.0
  0
SOLID
  5
8F8
330
8F3
100
AcDbEntity
  8
0
  6
Continuous
 62
     0
100
AcDbTrace
 10
230.6575
 20
-104.5962934983536
 30
0.0
 11
230.6575
 21
-104.5362934983536
 31
0.0
 12
230.8375
 22
-104.5662934983536
 32
0.0
 13
230.8375
 23
-104.5662934983536
 33
0.0
  0
SOLID
  5
8F9
330
8F3
100
AcDbEntity
  8
0
  6
Continuous
 62
     0
100
AcDbTrace
 10
217.0175
 20
-104.5362934983536
 30
0.0
 11
217.0175
 21
-104.5962934983536
 31
0.0
 12
216.8375
 22
-104.5662934983536
 32
0.0
 13
216.8375
 23
-104.5662934983536
 33
0.0
  0
MTEXT
  5
8FA
330
8F3
100
AcDbEntity
  8
0
  6
Continuous
 62
     0
390
11
100
AcDbMText
 10
223.8375
 20
-104.5662934983536
 30
0.0
 40
0.18
 41
0.0
 46
0.0
 71
     5
 72
     1
  1
\A1;14.0000
 73
     1
 44
1.0
  0
POINT
  5
8FB
330
8F3
100
AcDbEntity
  8
Defpoints
  6
Continuous
 62
     0
100
AcDbPoint
 10
230.8375
 20
-88.75
 30
0.0
  0
POINT
  5
8FC
330
8F3
100
AcDbEntity
  8
Defpoints
  6
Continuous
 62
     0
100
AcDbPoint
 10
216.8375
 20
-88.75
 30
0.0
  0
POINT
  5
8FD
330
8F3
100
AcDbEntity
  8
Defpoints
  6
Continuous
 62
     0
100
AcDbPoint
 10
216.8375
 20
-104.5662934983536
 30
0.0
  0
ENDBLK
  5
8FF
330
8F3
100
AcDbEntity
  8
0
100
AcDbBlockEnd
  0
BLOCK
  5
A01
330
9F7
100
AcDbEntity
  8
0
100
AcDbBlockBegin
  2
*D9
 70
     1
 10
0.0
 20
0.0
 30
0.0
  3
*D9
  1
Acad:XRef
  0
LINE
  5
9F8
330
9F7
100
AcDbEntity
  8
0
  6
Continuous
 62
     0
370
    -2
100
AcDbLine
 10
205.6735732470915
 20
-332.365014443238
 30
0.0
 11
208.3852763069749
 21
-332.365014443238
 31
0.0
  0
LINE
  5
9F9
330
9F7
100
AcDbEntity
  8
0
  6
Continuous
 62
     0
370
    -2
100
AcDbLine
 10
205.6735732470915
 20
-333.116114443238
 30
0.0
 11
208.3852763069749
 21
-333.116114443238
 31
0.0
  0
LINE
  5
9FA
330
9F7
100
AcDbEntity
  8
0
  6
Continuous
 62
     0
370
    -2
100
AcDbLine
 10
208.2052763069749
 20
-332.545014443238
 30
0.0
 11
208.2052763069749
 21
-332.936114443238
 31
0.0
  0
SOLID
  5
9FB
330
9F7
100
AcDbEntity
  8
0
  6
Continuous
 62
     0
100
AcDbTrace
 10
208.2352763069749
 20
-332.545014443238
 30
0.0
 11
208.1752763069749
 21
-332.545014443238
 31
0.0
 12
208.2052763069749
 22
-332.365014443238
 32
0.0
 13
208.2052763069749
 23
-332.365014443238
 33
0.0
  0
SOLID
  5
9FC
330
9F7
100
AcDbEntity
  8
0
  6
Continuous
 62
     0
100
AcDbTrace
 10
208.1752763069749
 20
-332.936114443238
 30
0.0
 11
208.2352763069749
 21
-332.936114443238
 31
0.0
 12
208.2052763069749
 22
-333.116114443238
 32
0.0
 13
208.2052763069749
 23
-333.116114443238
 33
0.0
  0
MTEXT
  5
9FD
330
9F7
100
AcDbEntity
  8
0
  6
Continuous
 62
     0
390
11
100
AcDbMText
 10
208.7902763069748
 20
-332.740564443238
 30
0.0
 40
0.18
 41
0.0
 46
0.0
 71
     5
 72
     1
  1
\A1;0.7511
 73
     1
 44
1.0
  0
POINT
  5
9FE
330
9F7
100
AcDbEntity
  8
Defpoints
  6
Continuous
 62
     0
100
AcDbPoint
 10
205.6110732470915
 20
-332.365014443238
 30
0.0
  0
POINT
  5
9FF
330
9F7
100
AcDbEntity
  8
Defpoints
  6
Continuous
 62
     0
100
AcDbPoint
 10
205.6110732470915
 20
-333.116114443238
 30
0.0
  0
POINT
  5
A00
330
9F7
100
AcDbEntity
  8
Defpoints
  6
Continuous
 62
     0
100
AcDbPoint
 10
208.2052763069749
 20
-333.116114443238
 30
0.0
  0
ENDBLK
  5
A02
330
9F7
100
AcDbEntity
  8
0
100
AcDbBlockEnd
  0
BLOCK
  5
A8E
330
A84
100
AcDbEntity
  8
0
100
AcDbBlockBegin
  2
*D10
 70
     1
 10
0.0
 20
0.0
 30
0.0
  3
*D10
  1
Acad:XRef
  0
LINE
  5
A85
330
A84
100
AcDbEntity
  8
0
  6
Continuous
 62
     0
370
    -2
100
AcDbLine
 10
205.5485732470915
 20
-317.614614443238
 30
0.0
 11
203.8465227456647
 21
-317.614614443238
 31
0.0
  0
LINE
  5
A86
330
A84
100
AcDbEntity
  8
0
  6
Continuous
 62
     0
370
    -2
100
AcDbLine
 10
205.5485732470915
 20
-318.365714443238
 30
0.0
 11
203.8465227456647
 21
-318.365714443238
 31
0.0
  0
LINE
  5
A87
330
A84
100
AcDbEntity
  8
0
  6
Continuous
 62
     0
370
    -2
100
AcDbLine
 10
204.0265227456647
 20
-317.794614443238
 30
0.0
 11
204.0265227456647
 21
-318.185714443238
 31
0.0
  0
SOLID
  5
A88
330
A84
100
AcDbEntity
  8
0
  6
Continuous
 62
     0
100
AcDbTrace
 10
204.0565227456647
 20
-317.794614443238
 30
0.0
 11
203.9965227456647
 21
-317.794614443238
 31
0.0
 12
204.0265227456647
 22
-317.614614443238
 32
0.0
 13
204.0265227456647
 23
-317.614614443238
 33
0.0
  0
SOLID
  5
A89
330
A84
100
AcDbEntity
  8
0
  6
Continuous
 62
     0
100
AcDbTrace
 10
203.9965227456647
 20
-318.185714443238
 30
0.0
 11
204.0565227456647
 21
-318.185714443238
 31
0.0
 12
204.0265227456647
 22
-318.365714443238
 32
0.0
 13
204.0265227456647
 23
-318.365714443238
 33
0.0
  0
MTEXT
  5
A8A
330
A84
100
AcDbEntity
  8
0
  6
Continuous
 62
     0
390
11
100
AcDbMText
 10
203.6215227456647
 20
-317.990164443238
 30
0.0
 40
0.18
 41
0.0
 46
0.0
 71
     5
 72
     1
  1
\A1;0.7511
 73
     1
 44
1.0
  0
POINT
  5
A8B
330
A84
100
AcDbEntity
  8
Defpoints
  6
Continuous
 62
     0
100
AcDbPoint
 10
205.6110732470915
 20
-317.614614443238
 30
0.0
  0
POINT
  5
A8C
330
A84
100
AcDbEntity
  8
Defpoints
  6
Continuous
 62
     0
100
AcDbPoint
 10
205.6110732470915
 20
-318.365714443238
 30
0.0
  0
POINT
  5
A8D
330
A84
100
AcDbEntity
  8
Defpoints
  6
Continuous
 62
     0
100
AcDbPoint
 10
204.0265227456647
 20
-318.365714443238
 30
0.0
  0
ENDBLK
  5
A8F
330
A84
100
AcDbEntity
  8
0
100
AcDbBlockEnd
  0
BLOCK
  5
A9D
330
A93
100
AcDbEntity
  8
0
100
AcDbBlockBegin
  2
*D11
 70
     1
 10
0.0
 20
0.0
 30
0.0
  3
*D11
  1
Acad:XRef
  0
LINE
  5
A94
330
A93
100
AcDbEntity
  8
0
  6
Continuous
 62
     0
370
    -2
100
AcDbLine
 10
244.6875
 20
-45.1
 30
0.0
 11
250.638405923158
 21
-45.1
 31
0.0
  0
LINE
  5
A95
330
A93
100
AcDbEntity
  8
0
  6
Continuous
 62
     0
370
    -2
100
AcDbLine
 10
244.6875
 20
-45.851
 30
0.0
 11
250.638405923158
 21
-45.851
 31
0.0
  0
LINE
  5
A96
330
A93
100
AcDbEntity
  8
0
  6
Continuous
 62
     0
370
    -2
100
AcDbLine
 10
250.458405923158
 20
-45.28
 30
0.0
 11
250.458405923158
 21
-45.671
 31
0.0
  0
SOLID
  5
A97
330
A93
100
AcDbEntity
  8
0
  6
Continuous
 62
     0
100
AcDbTrace
 10
250.488405923158
 20
-45.28
 30
0.0
 11
250.428405923158
 21
-45.28
 31
0.0
 12
250.458405923158
 22
-45.1
 32
0.0
 13
250.458405923158
 23
-45.1
 33
0.0
  0
SOLID
  5
A98
330
A93
100
AcDbEntity
  8
0
  6
Continuous
 62
     0
100
AcDbTrace
 10
250.428405923158
 20
-45.671
 30
0.0
 11
250.488405923158
 21
-45.671
 31
0.0
 12
250.458405923158
 22
-45.851
 32
0.0
 13
250.458405923158
 23
-45.851
 33
0.0
  0
MTEXT
  5
A99
330
A93
100
AcDbEntity
  8
0
  6
Continuous
 62
     0
390
11
100
AcDbMText
 10
251.043405923158
 20
-45.4755
 30
0.0
 40
0.18
 41
0.0
 46
0.0
 71
     5
 72
     1
  1
\A1;0.7510
 73
     1
 44
1.0
  0
POINT
  5
A9A
330
A93
100
AcDbEntity
  8
Defpoints
  6
Continuous
 62
     0
100
AcDbPoint
 10
244.625
 20
-45.1
 30
0.0
  0
POINT
  5
A9B
330
A93
100
AcDbEntity
  8
Defpoints
  6
Continuous
 62
     0
100
AcDbPoint
 10
244.625
 20
-45.851
 30
0.0
  0
POINT
  5
A9C
330
A93
100
AcDbEntity
  8
Defpoints
  6
Continuous
 62
     0
100
AcDbPoint
 10
250.458405923158
 20
-45.851
 30
0.0
  0
ENDBLK
  5
A9E
330
A93
100
AcDbEntity
  8
0
100
AcDbBlockEnd
  0
BLOCK
  5
AAD
330
AA2
100
AcDbEntity
  8
0
100
AcDbBlockBegin
  2
*D12
 70
     1
 10
0.0
 20
0.0
 30
0.0
  3
*D12
  1
Acad:XRef
  0
LINE
  5
AA3
330
AA2
100
AcDbEntity
  8
0
  6
Continuous
 62
     0
370
    -2
100
AcDbLine
 10
245.125
 20
-31.6625
 30
0.0
 11
245.125
 21
-48.32898026521834
 31
0.0
  0
LINE
  5
AA4
330
AA2
100
AcDbEntity
  8
0
  6
Continuous
 62
     0
370
    -2
100
AcDbLine
 10
231.125
 20
-31.6625
 30
0.0
 11
231.125
 21
-48.32898026521834
 31
0.0
  0
LINE
  5
AA5
330
AA2
100
AcDbEntity
  8
0
  6
Continuous
 62
     0
370
    -2
100
AcDbLine
 10
244.945
 20
-48.14898026521834
 30
0.0
 11
238.665
 21
-48.14898026521834
 31
0.0
  0
LINE
  5
AA6
330
AA2
100
AcDbEntity
  8
0
  6
Continuous
 62
     0
370
    -2
100
AcDbLine
 10
231.305
 20
-48.14898026521834
 30
0.0
 11
237.585
 21
-48.14898026521834
 31
0.0
  0
SOLID
  5
AA7
330
AA2
100
AcDbEntity
  8
0
  6
Continuous
 62
     0
100
AcDbTrace
 10
244.945
 20
-48.17898026521834
 30
0.0
 11
244.945
 21
-48.11898026521834
 31
0.0
 12
245.125
 22
-48.14898026521834
 32
0.0
 13
245.125
 23
-48.14898026521834
 33
0.0
  0
SOLID
  5
AA8
330
AA2
100
AcDbEntity
  8
0
  6
Continuous
 62
     0
100
AcDbTrace
 10
231.305
 20
-48.11898026521834
 30
0.0
 11
231.305
 21
-48.17898026521834
 31
0.0
 12
231.125
 22
-48.14898026521834
 32
0.0
 13
231.125
 23
-48.14898026521834
 33
0.0
  0
MTEXT
  5
AA9
330
AA2
100
AcDbEntity
  8
0
  6
Continuous
 62
     0
390
11
100
AcDbMText
 10
238.125
 20
-48.14898026521834
 30
0.0
 40
0.18
 41
0.0
 46
0.0
 71
     5
 72
     1
  1
\A1;14.0000
 73
     1
 44
1.0
  0
POINT
  5
AAA
330
AA2
100
AcDbEntity
  8
Defpoints
  6
Continuous
 62
     0
100
AcDbPoint
 10
245.125
 20
-31.6
 30
0.0
  0
POINT
  5
AAB
330
AA2
100
AcDbEntity
  8
Defpoints
  6
Continuous
 62
     0
100
AcDbPoint
 10
231.125
 20
-31.6
 30
0.0
  0
POINT
  5
AAC
330
AA2
100
AcDbEntity
  8
Defpoints
  6
Continuous
 62
     0
100
AcDbPoint
 10
231.125
 20
-48.14898026521834
 30
0.0
  0
ENDBLK
  5
AAE
330
AA2
100
AcDbEntity
  8
0
100
AcDbBlockEnd
  0
BLOCK
  5
C71
330
C23
100
AcDbEntity
  8
0
100
AcDbBlockBegin
  2
G$C14B5EA07
 70
     0
 10
0.0
 20
0.0
 30
0.0
  3
G$C14B5EA07
  1
Acad:XRef
  0
LINE
  5
C44
330
C23
100
AcDbEntity
  8
0
 62
     0
100
AcDbLine
 10
13.93000000000001
 20
32.6249
 30
0.0
 11
13.93000000000001
 21
31.7994
 31
0.0
  0
LINE
  5
C45
330
C23
100
AcDbEntity
  8
0
 62
     0
100
AcDbLine
 10
13.93000000000001
 20
31.7994
 30
0.0
 11
7.659999999999968
 21
31.7994
 31
0.0
  0
LINE
  5
C46
330
C23
100
AcDbEntity
  8
0
 62
     0
100
AcDbLine
 10
7.659999999999968
 20
31.7994
 30
0.0
 11
7.659999999999968
 21
30.0743
 31
0.0
  0
LINE
  5
C47
330
C23
100
AcDbEntity
  8
0
 62
     0
100
AcDbLine
 10
7.659999999999968
 20
30.0743
 30
0.0
 11
6.680000000000007
 21
30.0743
 31
0.0
  0
LINE
  5
C48
330
C23
100
AcDbEntity
  8
0
 62
     0
100
AcDbLine
 10
6.680000000000007
 20
30.0743
 30
0.0
 11
6.680000000000007
 21
26.7751
 31
0.0
  0
LINE
  5
C49
330
C23
100
AcDbEntity
  8
0
 62
     0
100
AcDbLine
 10
6.680000000000007
 20
26.7751
 30
0.0
 11
7.659999999999968
 21
26.7751
 31
0.0
  0
LINE
  5
C4A
330
C23
100
AcDbEntity
  8
0
 62
     0
100
AcDbLine
 10
7.659999999999968
 20
26.7751
 30
0.0
 11
7.659999999999968
 21
25.04969999999999
 31
0.0
  0
LINE
  5
C4B
330
C23
100
AcDbEntity
  8
0
 62
     0
100
AcDbLine
 10
7.659999999999968
 20
25.04969999999999
 30
0.0
 11
12.13
 21
25.04969999999999
 31
0.0
  0
LINE
  5
C4C
330
C23
100
AcDbEntity
  8
0
 62
     0
100
AcDbLine
 10
12.13
 20
25.04969999999999
 30
0.0
 11
12.13
 21
23.5243
 31
0.0
  0
LINE
  5
C4D
330
C23
100
AcDbEntity
  8
0
 62
     0
100
AcDbLine
 10
12.13
 20
23.5243
 30
0.0
 11
7.430000000000007
 21
23.5243
 31
0.0
  0
LINE
  5
C4E
330
C23
100
AcDbEntity
  8
0
 62
     0
100
AcDbLine
 10
7.430000000000007
 20
23.5243
 30
0.0
 11
7.430000000000007
 21
9.524999999999999
 31
0.0
  0
LINE
  5
C4F
330
C23
100
AcDbEntity
  8
0
 62
     0
100
AcDbLine
 10
7.430000000000007
 20
9.524999999999999
 30
0.0
 11
12.13
 21
9.524999999999999
 31
0.0
  0
LINE
  5
C50
330
C23
100
AcDbEntity
  8
0
 62
     0
100
AcDbLine
 10
12.13
 20
9.524999999999999
 30
0.0
 11
12.13
 21
7.999200000000002
 31
0.0
  0
LINE
  5
C51
330
C23
100
AcDbEntity
  8
0
 62
     0
100
AcDbLine
 10
12.13
 20
7.999200000000002
 30
0.0
 11
7.659999999999968
 21
7.999200000000002
 31
0.0
  0
LINE
  5
C52
330
C23
100
AcDbEntity
  8
0
 62
     0
100
AcDbLine
 10
7.659999999999968
 20
7.999200000000002
 30
0.0
 11
7.659999999999968
 21
6.274099999999997
 31
0.0
  0
LINE
  5
C53
330
C23
100
AcDbEntity
  8
0
 62
     0
100
AcDbLine
 10
7.659999999999968
 20
6.274099999999997
 30
0.0
 11
6.680000000000007
 21
6.274099999999997
 31
0.0
  0
LINE
  5
C54
330
C23
100
AcDbEntity
  8
0
 62
     0
100
AcDbLine
 10
6.680000000000007
 20
6.274099999999997
 30
0.0
 11
6.680000000000007
 21
2.974899999999998
 31
0.0
  0
LINE
  5
C55
330
C23
100
AcDbEntity
  8
0
 62
     0
100
AcDbLine
 10
6.680000000000007
 20
2.974899999999998
 30
0.0
 11
7.659999999999968
 21
2.974899999999998
 31
0.0
  0
LINE
  5
C56
330
C23
100
AcDbEntity
  8
0
 62
     0
100
AcDbLine
 10
7.659999999999968
 20
2.974899999999998
 30
0.0
 11
7.659999999999968
 21
1.249899999999997
 31
0.0
  0
LINE
  5
C57
330
C23
100
AcDbEntity
  8
0
 62
     0
100
AcDbLine
 10
7.659999999999968
 20
1.249899999999997
 30
0.0
 11
13.93000000000001
 21
1.249899999999997
 31
0.0
  0
LINE
  5
C58
330
C23
100
AcDbEntity
  8
0
 62
     0
100
AcDbLine
 10
13.93000000000001
 20
1.249899999999997
 30
0.0
 11
13.93000000000001
 21
0.4243999999999986
 31
0.0
  0
LINE
  5
C59
330
C23
100
AcDbEntity
  8
0
 62
     0
100
AcDbLine
 10
13.93000000000001
 20
0.4243999999999986
 30
0.0
 11
16.73000000000002
 21
0.4243999999999986
 31
0.0
  0
LINE
  5
C5A
330
C23
100
AcDbEntity
  8
0
 62
     0
100
AcDbLine
 10
16.73000000000002
 20
0.4243999999999986
 30
0.0
 11
16.73000000000002
 21
1.249899999999997
 31
0.0
  0
LINE
  5
C5B
330
C23
100
AcDbEntity
  8
0
 62
     0
100
AcDbLine
 10
16.73000000000002
 20
1.249899999999997
 30
0.0
 11
19.95999999999998
 21
1.249899999999997
 31
0.0
  0
LINE
  5
C5C
330
C23
100
AcDbEntity
  8
0
 62
     0
100
AcDbLine
 10
19.95999999999998
 20
1.249899999999997
 30
0.0
 11
19.95999999999998
 21
2.974899999999998
 31
0.0
  0
LINE
  5
C5D
330
C23
100
AcDbEntity
  8
0
 62
     0
100
AcDbLine
 10
19.95999999999998
 20
2.974899999999998
 30
0.0
 11
20.88099999999997
 21
2.974899999999998
 31
0.0
  0
LINE
  5
C5E
330
C23
100
AcDbEntity
  8
0
 62
     0
100
AcDbLine
 10
20.88099999999997
 20
2.974899999999998
 30
0.0
 11
20.88099999999997
 21
6.274099999999997
 31
0.0
  0
LINE
  5
C5F
330
C23
100
AcDbEntity
  8
0
 62
     0
100
AcDbLine
 10
20.88099999999997
 20
6.274099999999997
 30
0.0
 11
19.95999999999998
 21
6.274099999999997
 31
0.0
  0
LINE
  5
C60
330
C23
100
AcDbEntity
  8
0
 62
     0
100
AcDbLine
 10
19.95999999999998
 20
6.274099999999997
 30
0.0
 11
19.95999999999998
 21
7.999200000000002
 31
0.0
  0
LINE
  5
C61
330
C23
100
AcDbEntity
  8
0
 62
     0
100
AcDbLine
 10
19.95999999999998
 20
7.999200000000002
 30
0.0
 11
16.73000000000002
 21
7.999200000000002
 31
0.0
  0
LINE
  5
C62
330
C23
100
AcDbEntity
  8
0
 62
     0
100
AcDbLine
 10
16.73000000000002
 20
7.999200000000002
 30
0.0
 11
16.73000000000002
 21
9.524999999999999
 31
0.0
  0
LINE
  5
C63
330
C23
100
AcDbEntity
  8
0
 62
     0
100
AcDbLine
 10
16.73000000000002
 20
9.524999999999999
 30
0.0
 11
21.43099999999998
 21
9.524999999999999
 31
0.0
  0
LINE
  5
C64
330
C23
100
AcDbEntity
  8
0
 62
     0
100
AcDbLine
 10
21.43099999999998
 20
9.524999999999999
 30
0.0
 11
21.43099999999998
 21
23.5243
 31
0.0
  0
LINE
  5
C65
330
C23
100
AcDbEntity
  8
0
 62
     0
100
AcDbLine
 10
21.43099999999998
 20
23.5243
 30
0.0
 11
16.73000000000002
 21
23.5243
 31
0.0
  0
LINE
  5
C66
330
C23
100
AcDbEntity
  8
0
 62
     0
100
AcDbLine
 10
16.73000000000002
 20
23.5243
 30
0.0
 11
16.73000000000002
 21
25.04969999999999
 31
0.0
  0
LINE
  5
C67
330
C23
100
AcDbEntity
  8
0
 62
     0
100
AcDbLine
 10
16.73000000000002
 20
25.04969999999999
 30
0.0
 11
19.95999999999998
 21
25.04969999999999
 31
0.0
  0
LINE
  5
C68
330
C23
100
AcDbEntity
  8
0
 62
     0
100
AcDbLine
 10
19.95999999999998
 20
25.04969999999999
 30
0.0
 11
19.95999999999998
 21
26.7751
 31
0.0
  0
LINE
  5
C69
330
C23
100
AcDbEntity
  8
0
 62
     0
100
AcDbLine
 10
19.95999999999998
 20
26.7751
 30
0.0
 11
20.88099999999997
 21
26.7751
 31
0.0
  0
LINE
  5
C6A
330
C23
100
AcDbEntity
  8
0
 62
     0
100
AcDbLine
 10
20.88099999999997
 20
26.7751
 30
0.0
 11
20.88099999999997
 21
30.0743
 31
0.0
  0
LINE
  5
C6B
330
C23
100
AcDbEntity
  8
0
 62
     0
100
AcDbLine
 10
20.88099999999997
 20
30.0743
 30
0.0
 11
19.95999999999998
 21
30.0743
 31
0.0
  0
LINE
  5
C6C
330
C23
100
AcDbEntity
  8
0
 62
     0
100
AcDbLine
 10
19.95999999999998
 20
30.0743
 30
0.0
 11
19.95999999999998
 21
31.7994
 31
0.0
  0
LINE
  5
C6D
330
C23
100
AcDbEntity
  8
0
 62
     0
100
AcDbLine
 10
19.95999999999998
 20
31.7994
 30
0.0
 11
16.73000000000002
 21
31.7994
 31
0.0
  0
LINE
  5
C6E
330
C23
100
AcDbEntity
  8
0
 62
     0
100
AcDbLine
 10
16.73000000000002
 20
31.7994
 30
0.0
 11
16.73000000000002
 21
32.6249
 31
0.0
  0
LINE
  5
C6F
330
C23
100
AcDbEntity
  8
0
 62
     0
100
AcDbLine
 10
16.73000000000002
 20
32.6249
 30
0.0
 11
13.93000000000001
 21
32.6249
 31
0.0
  0
LINE
  5
C70
330
C23
100
AcDbEntity
  8
0
 62
     0
100
AcDbLine
 10
0.0
 20
13.9993
 30
0.0
 11
0.0
 21
0.0
 31
0.0
  0
ENDBLK
  5
C72
330
C23
100
AcDbEntity
  8
0
100
AcDbBlockEnd
  0
BLOCK
  5
CAE
330
CA3
100
AcDbEntity
  8
0
100
AcDbBlockBegin
  2
*D14
 70
     1
 10
0.0
 20
0.0
 30
0.0
  3
*D14
  1
Acad:XRef
  0
LINE
  5
CA4
330
CA3
100
AcDbEntity
  8
0
  6
Continuous
 62
     0
370
    -2
100
AcDbLine
 10
245.4125
 20
-69.7625
 30
0.0
 11
245.4125
 21
-84.88019605878014
 31
0.0
  0
LINE
  5
CA5
330
CA3
100
AcDbEntity
  8
0
  6
Continuous
 62
     0
370
    -2
100
AcDbLine
 10
259.4125
 20
-69.7625
 30
0.0
 11
259.4125
 21
-84.88019605878014
 31
0.0
  0
LINE
  5
CA6
330
CA3
100
AcDbEntity
  8
0
  6
Continuous
 62
     0
370
    -2
100
AcDbLine
 10
245.5925
 20
-84.70019605878014
 30
0.0
 11
251.8725
 21
-84.70019605878014
 31
0.0
  0
LINE
  5
CA7
330
CA3
100
AcDbEntity
  8
0
  6
Continuous
 62
     0
370
    -2
100
AcDbLine
 10
259.2325
 20
-84.70019605878014
 30
0.0
 11
252.9525
 21
-84.70019605878014
 31
0.0
  0
SOLID
  5
CA8
330
CA3
100
AcDbEntity
  8
0
  6
Continuous
 62
     0
100
AcDbTrace
 10
245.5925
 20
-84.67019605878014
 30
0.0
 11
245.5925
 21
-84.73019605878014
 31
0.0
 12
245.4125
 22
-84.70019605878014
 32
0.0
 13
245.4125
 23
-84.70019605878014
 33
0.0
  0
SOLID
  5
CA9
330
CA3
100
AcDbEntity
  8
0
  6
Continuous
 62
     0
100
AcDbTrace
 10
259.2325
 20
-84.73019605878014
 30
0.0
 11
259.2325
 21
-84.67019605878014
 31
0.0
 12
259.4125
 22
-84.70019605878014
 32
0.0
 13
259.4125
 23
-84.70019605878014
 33
0.0
  0
MTEXT
  5
CAA
330
CA3
100
AcDbEntity
  8
0
  6
Continuous
 62
     0
390
11
100
AcDbMText
 10
252.4125
 20
-84.70019605878014
 30
0.0
 40
0.18
 41
0.0
 46
0.0
 71
     5
 72
     1
  1
\A1;14.0000
 73
     1
 44
1.0
  0
POINT
  5
CAB
330
CA3
100
AcDbEntity
  8
Defpoints
  6
Continuous
 62
     0
100
AcDbPoint
 10
245.4125
 20
-69.7
 30
0.0
  0
POINT
  5
CAC
330
CA3
100
AcDbEntity
  8
Defpoints
  6
Continuous
 62
     0
100
AcDbPoint
 10
259.4125
 20
-69.7
 30
0.0
  0
POINT
  5
CAD
330
CA3
100
AcDbEntity
  8
Defpoints
  6
Continuous
 62
     0
100
AcDbPoint
 10
259.4125
 20
-84.70019605878014
 30
0.0
  0
ENDBLK
  5
CAF
330
CA3
100
AcDbEntity
  8
0
100
AcDbBlockEnd
  0
BLOCK
  5
CBE
330
CB3
100
AcDbEntity
  8
0
100
AcDbBlockBegin
  2
*D15
 70
     1
 10
0.0
 20
0.0
 30
0.0
  3
*D15
  1
Acad:XRef
  0
LINE
  5
CB4
330
CB3
100
AcDbEntity
  8
0
  6
Continuous
 62
     0
370
    -2
100
AcDbLine
 10
245.975
 20
-69.2
 30
0.0
 11
261.8596957458902
 21
-69.2
 31
0.0
  0
LINE
  5
CB5
330
CB3
100
AcDbEntity
  8
0
  6
Continuous
 62
     0
370
    -2
100
AcDbLine
 10
245.975
 20
-83.2
 30
0.0
 11
261.8596957458902
 21
-83.2
 31
0.0
  0
LINE
  5
CB6
330
CB3
100
AcDbEntity
  8
0
  6
Continuous
 62
     0
370
    -2
100
AcDbLine
 10
261.6796957458902
 20
-69.38000000000001
 30
0.0
 11
261.6796957458902
 21
-76.02
 31
0.0
  0
LINE
  5
CB7
330
CB3
100
AcDbEntity
  8
0
  6
Continuous
 62
     0
370
    -2
100
AcDbLine
 10
261.6796957458902
 20
-83.02
 30
0.0
 11
261.6796957458902
 21
-76.38000000000001
 31
0.0
  0
SOLID
  5
CB8
330
CB3
100
AcDbEntity
  8
0
  6
Continuous
 62
     0
100
AcDbTrace
 10
261.7096957458901
 20
-69.38000000000001
 30
0.0
 11
261.6496957458902
 21
-69.38000000000001
 31
0.0
 12
261.6796957458902
 22
-69.2
 32
0.0
 13
261.6796957458902
 23
-69.2
 33
0.0
  0
SOLID
  5
CB9
330
CB3
100
AcDbEntity
  8
0
  6
Continuous
 62
     0
100
AcDbTrace
 10
261.6496957458902
 20
-83.02
 30
0.0
 11
261.7096957458901
 21
-83.02
 31
0.0
 12
261.6796957458902
 22
-83.2
 32
0.0
 13
261.6796957458902
 23
-83.2
 33
0.0
  0
MTEXT
  5
CBA
330
CB3
100
AcDbEntity
  8
0
  6
Continuous
 62
     0
390
11
100
AcDbMText
 10
261.6796957458902
 20
-76.2
 30
0.0
 40
0.18
 41
0.0
 46
0.0
 71
     5
 72
     1
  1
\A1;14.0000
 73
     1
 44
1.0
  0
POINT
  5
CBB
330
CB3
100
AcDbEntity
  8
Defpoints
  6
Continuous
 62
     0
100
AcDbPoint
 10
245.9125
 20
-69.2
 30
0.0
  0
POINT
  5
CBC
330
CB3
100
AcDbEntity
  8
Defpoints
  6
Continuous
 62
     0
100
AcDbPoint
 10
245.9125
 20
-83.2
 30
0.0
  0
POINT
  5
CBD
330
CB3
100
AcDbEntity
  8
Defpoints
  6
Continuous
 62
     0
100
AcDbPoint
 10
261.6796957458902
 20
-83.2
 30
0.0
  0
ENDBLK
  5
CBF
330
CB3
100
AcDbEntity
  8
0
100
AcDbBlockEnd
  0
BLOCK
  5
142F
330
1424
100
AcDbEntity
  8
0
100
AcDbBlockBegin
  2
*D16
 70
     1
 10
0.0
 20
0.0
 30
0.0
  3
*D16
  1
Acad:XRef
  0
LINE
  5
1425
330
1424
100
AcDbEntity
  8
0
  6
Continuous
 62
     0
370
    -2
100
AcDbLine
 10
24.40529042805672
 20
137.290556850737
 30
0.0
 11
24.40529042805672
 21
116.2713979975294
 31
0.0
  0
LINE
  5
1426
330
1424
100
AcDbEntity
  8
0
  6
Continuous
 62
     0
370
    -2
100
AcDbLine
 10
21.40529042805672
 20
137.290556850737
 30
0.0
 11
21.40529042805672
 21
116.2713979975294
 31
0.0
  0
LINE
  5
1427
330
1424
100
AcDbEntity
  8
0
  6
Continuous
 62
     0
370
    -2
100
AcDbLine
 10
24.22529042805672
 20
116.4513979975294
 30
0.0
 11
23.38529042805672
 21
116.4513979975294
 31
0.0
  0
LINE
  5
1428
330
1424
100
AcDbEntity
  8
0
  6
Continuous
 62
     0
370
    -2
100
AcDbLine
 10
21.58529042805672
 20
116.4513979975294
 30
0.0
 11
22.42529042805672
 21
116.4513979975294
 31
0.0
  0
SOLID
  5
1429
330
1424
100
AcDbEntity
  8
0
  6
Continuous
 62
     0
100
AcDbTrace
 10
24.22529042805672
 20
116.4213979975294
 30
0.0
 11
24.22529042805672
 21
116.4813979975294
 31
0.0
 12
24.40529042805672
 22
116.4513979975294
 32
0.0
 13
24.40529042805672
 23
116.4513979975294
 33
0.0
  0
SOLID
  5
142A
330
1424
100
AcDbEntity
  8
0
  6
Continuous
 62
     0
100
AcDbTrace
 10
21.58529042805672
 20
116.4813979975294
 30
0.0
 11
21.58529042805672
 21
116.4213979975294
 31
0.0
 12
21.40529042805672
 22
116.4513979975294
 32
0.0
 13
21.40529042805672
 23
116.4513979975294
 33
0.0
  0
MTEXT
  5
142B
330
1424
100
AcDbEntity
  8
0
  6
Continuous
 62
     0
390
F
100
AcDbMText
 10
22.90529042805672
 20
116.4513979975294
 30
0.0
 40
0.18
 41
0.0
 46
0.0
 71
     5
 72
     1
  1
\A1;3.0000
 73
     1
 44
1.0
  0
POINT
  5
142C
330
1424
100
AcDbEntity
  8
Defpoints
  6
Continuous
 62
     0
100
AcDbPoint
 10
24.40529042805672
 20
137.353056850737
 30
0.0
  0
POINT
  5
142D
330
1424
100
AcDbEntity
  8
Defpoints
  6
Continuous
 62
     0
100
AcDbPoint
 10
21.40529042805672
 20
137.353056850737
 30
0.0
  0
POINT
  5
142E
330
1424
100
AcDbEntity
  8
Defpoints
  6
Continuous
 62
     0
100
AcDbPoint
 10
21.40529042805672
 20
116.4513979975294
 30
0.0
  0
ENDBLK
  5
1430
330
1424
100
AcDbEntity
  8
0
100
AcDbBlockEnd
  0
BLOCK
  5
143F
330
1434
100
AcDbEntity
  8
0
100
AcDbBlockBegin
  2
*D17
 70
     1
 10
0.0
 20
0.0
 30
0.0
  3
*D17
  1
Acad:XRef
  0
LINE
  5
1435
330
1434
100
AcDbEntity
  8
0
  6
Continuous
 62
     0
370
    -2
100
AcDbLine
 10
24.40529042805672
 20
137.290556850737
 30
0.0
 11
24.40529042805672
 21
-15.18967300924685
 31
0.0
  0
LINE
  5
1436
330
1434
100
AcDbEntity
  8
0
  6
Continuous
 62
     0
370
    -2
100
AcDbLine
 10
20.90529042805672
 20
159.2816180417957
 30
0.0
 11
20.90529042805672
 21
-15.18967300924685
 31
0.0
  0
LINE
  5
1437
330
1434
100
AcDbEntity
  8
0
  6
Continuous
 62
     0
370
    -2
100
AcDbLine
 10
24.22529042805672
 20
-15.00967300924685
 30
0.0
 11
23.15029042805672
 21
-15.00967300924685
 31
0.0
  0
LINE
  5
1438
330
1434
100
AcDbEntity
  8
0
  6
Continuous
 62
     0
370
    -2
100
AcDbLine
 10
21.08529042805672
 20
-15.00967300924685
 30
0.0
 11
22.16029042805672
 21
-15.00967300924685
 31
0.0
  0
SOLID
  5
1439
330
1434
100
AcDbEntity
  8
0
  6
Continuous
 62
     0
100
AcDbTrace
 10
24.22529042805672
 20
-15.03967300924685
 30
0.0
 11
24.22529042805672
 21
-14.97967300924685
 31
0.0
 12
24.40529042805672
 22
-15.00967300924685
 32
0.0
 13
24.40529042805672
 23
-15.00967300924685
 33
0.0
  0
SOLID
  5
143A
330
1434
100
AcDbEntity
  8
0
  6
Continuous
 62
     0
100
AcDbTrace
 10
21.08529042805672
 20
-14.97967300924685
 30
0.0
 11
21.08529042805672
 21
-15.03967300924685
 31
0.0
 12
20.90529042805672
 22
-15.00967300924685
 32
0.0
 13
20.90529042805672
 23
-15.00967300924685
 33
0.0
  0
MTEXT
  5
143B
330
1434
100
AcDbEntity
  8
0
  6
Continuous
 62
     0
390
F
100
AcDbMText
 10
22.65529042805672
 20
-15.00967300924685
 30
0.0
 40
0.18
 41
0.0
 46
0.0
 71
     5
 72
     1
  1
\A1;3.5000
 73
     1
 44
1.0
  0
POINT
  5
143C
330
1434
100
AcDbEntity
  8
Defpoints
  6
Continuous
 62
     0
100
AcDbPoint
 10
24.40529042805672
 20
137.353056850737
 30
0.0
  0
POINT
  5
143D
330
1434
100
AcDbEntity
  8
Defpoints
  6
Continuous
 62
     0
100
AcDbPoint
 10
20.90529042805672
 20
159.3441180417957
 30
0.0
  0
POINT
  5
143E
330
1434
100
AcDbEntity
  8
Defpoints
  6
Continuous
 62
     0
100
AcDbPoint
 10
20.90529042805672
 20
-15.00967300924685
 30
0.0
  0
ENDBLK
  5
1440
330
1434
100
AcDbEntity
  8
0
100
AcDbBlockEnd
  0
BLOCK
  5
144F
330
1444
100
AcDbEntity
  8
0
100
AcDbBlockBegin
  2
*D18
 70
     1
 10
0.0
 20
0.0
 30
0.0
  3
*D18
  1
Acad:XRef
  0
LINE
  5
1445
330
1444
100
AcDbEntity
  8
0
  6
Continuous
 62
     0
370
    -2
100
AcDbLine
 10
366.4552904280567
 20
19.07805685073701
 30
0.0
 11
7.528494339327331
 21
19.07805685073703
 31
0.0
  0
LINE
  5
1446
330
1444
100
AcDbEntity
  8
0
  6
Continuous
 62
     0
370
    -2
100
AcDbLine
 10
437.5230487822784
 20
14.07805685073701
 30
0.0
 11
7.528494339327331
 21
14.07805685073704
 31
0.0
  0
LINE
  5
1447
330
1444
100
AcDbEntity
  8
0
  6
Continuous
 62
     0
370
    -2
100
AcDbLine
 10
7.708494339327331
 20
18.89805685073703
 30
0.0
 11
7.708494339327331
 21
16.75805685073703
 31
0.0
  0
LINE
  5
1448
330
1444
100
AcDbEntity
  8
0
  6
Continuous
 62
     0
370
    -2
100
AcDbLine
 10
7.708494339327331
 20
14.25805685073704
 30
0.0
 11
7.708494339327331
 21
16.39805685073704
 31
0.0
  0
SOLID
  5
1449
330
1444
100
AcDbEntity
  8
0
  6
Continuous
 62
     0
100
AcDbTrace
 10
7.738494339327331
 20
18.89805685073703
 30
0.0
 11
7.67849433932733
 21
18.89805685073703
 31
0.0
 12
7.708494339327331
 22
19.07805685073703
 32
0.0
 13
7.708494339327331
 23
19.07805685073703
 33
0.0
  0
SOLID
  5
144A
330
1444
100
AcDbEntity
  8
0
  6
Continuous
 62
     0
100
AcDbTrace
 10
7.67849433932733
 20
14.25805685073704
 30
0.0
 11
7.738494339327331
 21
14.25805685073704
 31
0.0
 12
7.708494339327331
 22
14.07805685073704
 32
0.0
 13
7.708494339327331
 23
14.07805685073704
 33
0.0
  0
MTEXT
  5
144B
330
1444
100
AcDbEntity
  8
0
  6
Continuous
 62
     0
390
F
100
AcDbMText
 10
7.708494339327331
 20
16.57805685073703
 30
0.0
 40
0.18
 41
0.0
 46
0.0
 71
     5
 72
     1
  1
\A1;5.0000
 73
     1
 44
1.0
  0
POINT
  5
144C
330
1444
100
AcDbEntity
  8
Defpoints
  6
Continuous
 62
     0
100
AcDbPoint
 10
366.5177904280567
 20
19.07805685073701
 30
0.0
  0
POINT
  5
144D
330
1444
100
AcDbEntity
  8
Defpoints
  6
Continuous
 62
     0
100
AcDbPoint
 10
437.5855487822784
 20
14.07805685073701
 30
0.0
  0
POINT
  5
144E
330
1444
100
AcDbEntity
  8
Defpoints
  6
Continuous
 62
     0
100
AcDbPoint
 10
7.708494339327331
 20
14.07805685073704
 30
0.0
  0
ENDBLK
  5
1450
330
1444
100
AcDbEntity
  8
0
100
AcDbBlockEnd
  0
BLOCK
  5
145F
330
1454
100
AcDbEntity
  8
0
100
AcDbBlockBegin
  2
*D19
 70
     1
 10
0.0
 20
0.0
 30
0.0
  3
*D19
  1
Acad:XRef
  0
LINE
  5
1455
330
1454
100
AcDbEntity
  8
0
  6
Continuous
 62
     0
370
    -2
100
AcDbLine
 10
367.0177904280567
 20
137.290556850737
 30
0.0
 11
367.0177904280567
 21
-13.04732780183735
 31
0.0
  0
LINE
  5
1456
330
1454
100
AcDbEntity
  8
0
  6
Continuous
 62
     0
370
    -2
100
AcDbLine
 10
370.5177904280567
 20
148.0919222004146
 30
0.0
 11
370.5177904280567
 21
-13.04732780183735
 31
0.0
  0
LINE
  5
1457
330
1454
100
AcDbEntity
  8
0
  6
Continuous
 62
     0
370
    -2
100
AcDbLine
 10
367.1977904280567
 20
-12.86732780183735
 30
0.0
 11
368.2727904280567
 21
-12.86732780183735
 31
0.0
  0
LINE
  5
1458
330
1454
100
AcDbEntity
  8
0
  6
Continuous
 62
     0
370
    -2
100
AcDbLine
 10
370.3377904280567
 20
-12.86732780183735
 30
0.0
 11
369.2627904280566
 21
-12.86732780183735
 31
0.0
  0
SOLID
  5
1459
330
1454
100
AcDbEntity
  8
0
  6
Continuous
 62
     0
100
AcDbTrace
 10
367.1977904280567
 20
-12.83732780183735
 30
0.0
 11
367.1977904280567
 21
-12.89732780183735
 31
0.0
 12
367.0177904280567
 22
-12.86732780183735
 32
0.0
 13
367.0177904280567
 23
-12.86732780183735
 33
0.0
  0
SOLID
  5
145A
330
1454
100
AcDbEntity
  8
0
  6
Continuous
 62
     0
100
AcDbTrace
 10
370.3377904280567
 20
-12.89732780183735
 30
0.0
 11
370.3377904280567
 21
-12.83732780183735
 31
0.0
 12
370.5177904280567
 22
-12.86732780183735
 32
0.0
 13
370.5177904280567
 23
-12.86732780183735
 33
0.0
  0
MTEXT
  5
145B
330
1454
100
AcDbEntity
  8
0
  6
Continuous
 62
     0
390
F
100
AcDbMText
 10
368.7677904280567
 20
-12.86732780183735
 30
0.0
 40
0.18
 41
0.0
 46
0.0
 71
     5
 72
     1
  1
\A1;3.5000
 73
     1
 44
1.0
  0
POINT
  5
145C
330
1454
100
AcDbEntity
  8
Defpoints
  6
Continuous
 62
     0
100
AcDbPoint
 10
367.0177904280567
 20
137.353056850737
 30
0.0
  0
POINT
  5
145D
330
1454
100
AcDbEntity
  8
Defpoints
  6
Continuous
 62
     0
100
AcDbPoint
 10
370.5177904280567
 20
148.1544222004146
 30
0.0
  0
POINT
  5
145E
330
1454
100
AcDbEntity
  8
Defpoints
  6
Continuous
 62
     0
100
AcDbPoint
 10
370.5177904280567
 20
-12.86732780183735
 30
0.0
  0
ENDBLK
  5
1460
330
1454
100
AcDbEntity
  8
0
100
AcDbBlockEnd
  0
BLOCK
  5
146F
330
1464
100
AcDbEntity
  8
0
100
AcDbBlockBegin
  2
*D20
 70
     1
 10
0.0
 20
0.0
 30
0.0
  3
*D20
  1
Acad:XRef
  0
LINE
  5
1465
330
1464
100
AcDbEntity
  8
0
  6
Continuous
 62
     0
370
    -2
100
AcDbLine
 10
366.4552904280567
 20
137.853056850737
 30
0.0
 11
9.858734062548088
 21
137.853056850737
 31
0.0
  0
LINE
  5
1466
330
1464
100
AcDbEntity
  8
0
  6
Continuous
 62
     0
370
    -2
100
AcDbLine
 10
409.8124022878035
 20
142.853056850737
 30
0.0
 11
9.858734062548088
 21
142.853056850737
 31
0.0
  0
LINE
  5
1467
330
1464
100
AcDbEntity
  8
0
  6
Continuous
 62
     0
370
    -2
100
AcDbLine
 10
10.03873406254809
 20
138.033056850737
 30
0.0
 11
10.03873406254809
 21
140.173056850737
 31
0.0
  0
LINE
  5
1468
330
1464
100
AcDbEntity
  8
0
  6
Continuous
 62
     0
370
    -2
100
AcDbLine
 10
10.03873406254809
 20
142.673056850737
 30
0.0
 11
10.03873406254809
 21
140.533056850737
 31
0.0
  0
SOLID
  5
1469
330
1464
100
AcDbEntity
  8
0
  6
Continuous
 62
     0
100
AcDbTrace
 10
10.00873406254809
 20
138.033056850737
 30
0.0
 11
10.06873406254809
 21
138.033056850737
 31
0.0
 12
10.03873406254809
 22
137.853056850737
 32
0.0
 13
10.03873406254809
 23
137.853056850737
 33
0.0
  0
SOLID
  5
146A
330
1464
100
AcDbEntity
  8
0
  6
Continuous
 62
     0
100
AcDbTrace
 10
10.06873406254809
 20
142.673056850737
 30
0.0
 11
10.00873406254809
 21
142.673056850737
 31
0.0
 12
10.03873406254809
 22
142.853056850737
 32
0.0
 13
10.03873406254809
 23
142.853056850737
 33
0.0
  0
MTEXT
  5
146B
330
1464
100
AcDbEntity
  8
0
  6
Continuous
 62
     0
390
F
100
AcDbMText
 10
10.03873406254809
 20
140.353056850737
 30
0.0
 40
0.18
 41
0.0
 46
0.0
 71
     5
 72
     1
  1
\A1;5.0000
 73
     1
 44
1.0
  0
POINT
  5
146C
330
1464
100
AcDbEntity
  8
Defpoints
  6
Continuous
 62
     0
100
AcDbPoint
 10
366.5177904280567
 20
137.853056850737
 30
0.0
  0
POINT
  5
146D
330
1464
100
AcDbEntity
  8
Defpoints
  6
Continuous
 62
     0
100
AcDbPoint
 10
409.8749022878035
 20
142.853056850737
 30
0.0
  0
POINT
  5
146E
330
1464
100
AcDbEntity
  8
Defpoints
  6
Continuous
 62
     0
100
AcDbPoint
 10
10.03873406254809
 20
142.853056850737
 30
0.0
  0
ENDBLK
  5
1470
330
1464
100
AcDbEntity
  8
0
100
AcDbBlockEnd
  0
ENDSEC
  0
SECTION
  2
ENTITIES
  0
ARC
  5
10BC
330
1D
100
AcDbEntity
  8
0
100
AcDbCircle
 10
24.90529042805672
 20
124.353056850737
 30
0.0
 40
0.5
100
AcDbArc
 50
180.0
 51
270.0
  0
ARC
  5
10BD
330
1D
100
AcDbEntity
  8
0
100
AcDbCircle
 10
37.90529042805672
 20
124.353056850737
 30
0.0
 40
0.5
100
AcDbArc
 50
270.0
 51
0.0
  0
ARC
  5
10BE
330
1D
100
AcDbEntity
  8
0
100
AcDbCircle
 10
37.90529042805672
 20
137.353056850737
 30
0.0
 40
0.5
100
AcDbArc
 50
0.0
 51
90.0
  0
ARC
  5
10BF
330
1D
100
AcDbEntity
  8
0
100
AcDbCircle
 10
24.90529042805672
 20
137.353056850737
 30
0.0
 40
0.5
100
AcDbArc
 50
90.0
 51
180.0
  0
LINE
  5
10C0
330
1D
100
AcDbEntity
  8
0
100
AcDbLine
 10
24.90529042805672
 20
123.853056850737
 30
0.0
 11
37.90529042805672
 21
123.853056850737
 31
0.0
  0
LINE
  5
10C1
330
1D
100
AcDbEntity
  8
0
100
AcDbLine
 10
37.90529042805672
 20
137.853056850737
 30
0.0
 11
24.90529042805672
 21
137.853056850737
 31
0.0
  0
LINE
  5
10C2
330
1D
100
AcDbEntity
  8
0
100
AcDbLine
 10
38.40529042805672
 20
124.353056850737
 30
0.0
 11
38.40529042805672
 21
137.353056850737
 31
0.0
  0
LINE
  5
10C3
102
{ACAD_REACTORS
330
1442
102
}
330
1D
100
AcDbEntity
  8
0
100
AcDbLine
 10
24.40529042805672
 20
137.353056850737
 30
0.0
 11
24.40529042805672
 21
124.353056850737
 31
0.0
  0
ARC
  5
10C4
330
1D
100
AcDbEntity
  8
0
100
AcDbCircle
 10
63.00529042805672
 20
124.353056850737
 30
0.0
 40
0.5
100
AcDbArc
 50
180.0
 51
270.0
  0
ARC
  5
10C5
330
1D
100
AcDbEntity
  8
0
100
AcDbCircle
 10
76.00529042805672
 20
124.353056850737
 30
0.0
 40
0.5
100
AcDbArc
 50
270.0
 51
0.0
  0
ARC
  5
10C6
330
1D
100
AcDbEntity
  8
0
100
AcDbCircle
 10
76.00529042805672
 20
137.353056850737
 30
0.0
 40
0.5
100
AcDbArc
 50
0.0
 51
90.0
  0
ARC
  5
10C7
330
1D
100
AcDbEntity
  8
0
100
AcDbCircle
 10
63.00529042805672
 20
137.353056850737
 30
0.0
 40
0.5
100
AcDbArc
 50
90.0
 51
180.0
  0
LINE
  5
10C8
330
1D
100
AcDbEntity
  8
0
100
AcDbLine
 10
63.00529042805672
 20
123.853056850737
 30
0.0
 11
76.00529042805672
 21
123.853056850737
 31
0.0
  0
LINE
  5
10C9
330
1D
100
AcDbEntity
  8
0
100
AcDbLine
 10
76.00529042805672
 20
137.853056850737
 30
0.0
 11
63.00529042805672
 21
137.853056850737
 31
0.0
  0
LINE
  5
10CA
330
1D
100
AcDbEntity
  8
0
100
AcDbLine
 10
76.50529042805672
 20
124.353056850737
 30
0.0
 11
76.50529042805672
 21
137.353056850737
 31
0.0
  0
LINE
  5
10CB
330
1D
100
AcDbEntity
  8
0
100
AcDbLine
 10
62.50529042805672
 20
137.353056850737
 30
0.0
 11
62.50529042805672
 21
124.353056850737
 31
0.0
  0
ARC
  5
10CC
330
1D
100
AcDbEntity
  8
0
100
AcDbCircle
 10
82.05529042805672
 20
124.353056850737
 30
0.0
 40
0.5
100
AcDbArc
 50
180.0
 51
270.0
  0
ARC
  5
10CD
330
1D
100
AcDbEntity
  8
0
100
AcDbCircle
 10
95.05529042805672
 20
124.353056850737
 30
0.0
 40
0.5
100
AcDbArc
 50
270.0
 51
0.0
  0
ARC
  5
10CE
330
1D
100
AcDbEntity
  8
0
100
AcDbCircle
 10
95.05529042805672
 20
137.353056850737
 30
0.0
 40
0.5
100
AcDbArc
 50
0.0
 51
90.0
  0
ARC
  5
10CF
330
1D
100
AcDbEntity
  8
0
100
AcDbCircle
 10
82.05529042805672
 20
137.353056850737
 30
0.0
 40
0.5
100
AcDbArc
 50
90.0
 51
180.0
  0
LINE
  5
10D0
330
1D
100
AcDbEntity
  8
0
100
AcDbLine
 10
82.05529042805672
 20
123.853056850737
 30
0.0
 11
95.05529042805672
 21
123.853056850737
 31
0.0
  0
LINE
  5
10D1
330
1D
100
AcDbEntity
  8
0
100
AcDbLine
 10
95.05529042805672
 20
137.853056850737
 30
0.0
 11
82.05529042805672
 21
137.853056850737
 31
0.0
  0
LINE
  5
10D2
330
1D
100
AcDbEntity
  8
0
100
AcDbLine
 10
95.55529042805672
 20
124.353056850737
 30
0.0
 11
95.55529042805672
 21
137.353056850737
 31
0.0
  0
LINE
  5
10D3
330
1D
100
AcDbEntity
  8
0
100
AcDbLine
 10
81.55529042805672
 20
137.353056850737
 30
0.0
 11
81.55529042805672
 21
124.353056850737
 31
0.0
  0
ARC
  5
10D4
330
1D
100
AcDbEntity
  8
0
100
AcDbCircle
 10
101.1052904280567
 20
124.353056850737
 30
0.0
 40
0.5
100
AcDbArc
 50
180.0
 51
270.0
  0
ARC
  5
10D5
330
1D
100
AcDbEntity
  8
0
100
AcDbCircle
 10
114.1052904280567
 20
124.353056850737
 30
0.0
 40
0.5
100
AcDbArc
 50
270.0
 51
0.0
  0
ARC
  5
10D6
330
1D
100
AcDbEntity
  8
0
100
AcDbCircle
 10
114.1052904280567
 20
137.353056850737
 30
0.0
 40
0.5
100
AcDbArc
 50
0.0
 51
90.0
  0
ARC
  5
10D7
330
1D
100
AcDbEntity
  8
0
100
AcDbCircle
 10
101.1052904280567
 20
137.353056850737
 30
0.0
 40
0.5
100
AcDbArc
 50
90.0
 51
180.0
  0
LINE
  5
10D8
330
1D
100
AcDbEntity
  8
0
100
AcDbLine
 10
101.1052904280567
 20
123.853056850737
 30
0.0
 11
114.1052904280567
 21
123.853056850737
 31
0.0
  0
LINE
  5
10D9
330
1D
100
AcDbEntity
  8
0
100
AcDbLine
 10
114.1052904280567
 20
137.853056850737
 30
0.0
 11
101.1052904280567
 21
137.853056850737
 31
0.0
  0
LINE
  5
10DA
330
1D
100
AcDbEntity
  8
0
100
AcDbLine
 10
114.6052904280567
 20
124.353056850737
 30
0.0
 11
114.6052904280567
 21
137.353056850737
 31
0.0
  0
LINE
  5
10DB
330
1D
100
AcDbEntity
  8
0
100
AcDbLine
 10
100.6052904280567
 20
137.353056850737
 30
0.0
 11
100.6052904280567
 21
124.353056850737
 31
0.0
  0
ARC
  5
10DC
330
1D
100
AcDbEntity
  8
0
100
AcDbCircle
 10
120.1552904280567
 20
124.353056850737
 30
0.0
 40
0.5
100
AcDbArc
 50
180.0
 51
270.0
  0
ARC
  5
10DD
330
1D
100
AcDbEntity
  8
0
100
AcDbCircle
 10
133.1552904280567
 20
124.353056850737
 30
0.0
 40
0.5
100
AcDbArc
 50
270.0
 51
0.0
  0
ARC
  5
10DE
330
1D
100
AcDbEntity
  8
0
100
AcDbCircle
 10
133.1552904280567
 20
137.353056850737
 30
0.0
 40
0.5
100
AcDbArc
 50
0.0
 51
90.0
  0
ARC
  5
10DF
330
1D
100
AcDbEntity
  8
0
100
AcDbCircle
 10
120.1552904280567
 20
137.353056850737
 30
0.0
 40
0.5
100
AcDbArc
 50
90.0
 51
180.0
  0
LINE
  5
10E0
330
1D
100
AcDbEntity
  8
0
100
AcDbLine
 10
120.1552904280567
 20
123.853056850737
 30
0.0
 11
133.1552904280567
 21
123.853056850737
 31
0.0
  0
LINE
  5
10E1
330
1D
100
AcDbEntity
  8
0
100
AcDbLine
 10
133.1552904280567
 20
137.853056850737
 30
0.0
 11
120.1552904280567
 21
137.853056850737
 31
0.0
  0
LINE
  5
10E2
330
1D
100
AcDbEntity
  8
0
100
AcDbLine
 10
133.6552904280567
 20
124.353056850737
 30
0.0
 11
133.6552904280567
 21
137.353056850737
 31
0.0
  0
LINE
  5
10E3
330
1D
100
AcDbEntity
  8
0
100
AcDbLine
 10
119.6552904280567
 20
137.353056850737
 30
0.0
 11
119.6552904280567
 21
124.353056850737
 31
0.0
  0
ARC
  5
10E4
330
1D
100
AcDbEntity
  8
0
100
AcDbCircle
 10
148.7302904280567
 20
124.353056850737
 30
0.0
 40
0.5
100
AcDbArc
 50
180.0
 51
270.0
  0
ARC
  5
10E5
330
1D
100
AcDbEntity
  8
0
100
AcDbCircle
 10
161.7302904280567
 20
124.353056850737
 30
0.0
 40
0.5
100
AcDbArc
 50
270.0
 51
0.0
  0
ARC
  5
10E6
330
1D
100
AcDbEntity
  8
0
100
AcDbCircle
 10
161.7302904280567
 20
137.353056850737
 30
0.0
 40
0.5
100
AcDbArc
 50
0.0
 51
90.0
  0
ARC
  5
10E7
330
1D
100
AcDbEntity
  8
0
100
AcDbCircle
 10
148.7302904280567
 20
137.353056850737
 30
0.0
 40
0.5
100
AcDbArc
 50
90.0
 51
180.0
  0
LINE
  5
10E8
330
1D
100
AcDbEntity
  8
0
100
AcDbLine
 10
148.7302904280567
 20
123.853056850737
 30
0.0
 11
161.7302904280567
 21
123.853056850737
 31
0.0
  0
LINE
  5
10E9
330
1D
100
AcDbEntity
  8
0
100
AcDbLine
 10
161.7302904280567
 20
137.853056850737
 30
0.0
 11
148.7302904280567
 21
137.853056850737
 31
0.0
  0
LINE
  5
10EA
330
1D
100
AcDbEntity
  8
0
100
AcDbLine
 10
162.2302904280567
 20
124.353056850737
 30
0.0
 11
162.2302904280567
 21
137.353056850737
 31
0.0
  0
LINE
  5
10EB
330
1D
100
AcDbEntity
  8
0
100
AcDbLine
 10
148.2302904280567
 20
137.353056850737
 30
0.0
 11
148.2302904280567
 21
124.353056850737
 31
0.0
  0
ARC
  5
10EC
330
1D
100
AcDbEntity
  8
0
100
AcDbCircle
 10
167.7802904280567
 20
124.353056850737
 30
0.0
 40
0.5
100
AcDbArc
 50
180.0
 51
270.0
  0
ARC
  5
10ED
330
1D
100
AcDbEntity
  8
0
100
AcDbCircle
 10
180.7802904280567
 20
124.353056850737
 30
0.0
 40
0.5
100
AcDbArc
 50
270.0
 51
0.0
  0
ARC
  5
10EE
330
1D
100
AcDbEntity
  8
0
100
AcDbCircle
 10
180.7802904280567
 20
137.353056850737
 30
0.0
 40
0.5
100
AcDbArc
 50
0.0
 51
90.0
  0
ARC
  5
10EF
330
1D
100
AcDbEntity
  8
0
100
AcDbCircle
 10
167.7802904280567
 20
137.353056850737
 30
0.0
 40
0.5
100
AcDbArc
 50
90.0
 51
180.0
  0
LINE
  5
10F0
330
1D
100
AcDbEntity
  8
0
100
AcDbLine
 10
167.7802904280567
 20
123.853056850737
 30
0.0
 11
180.7802904280567
 21
123.853056850737
 31
0.0
  0
LINE
  5
10F1
330
1D
100
AcDbEntity
  8
0
100
AcDbLine
 10
180.7802904280567
 20
137.853056850737
 30
0.0
 11
167.7802904280567
 21
137.853056850737
 31
0.0
  0
LINE
  5
10F2
330
1D
100
AcDbEntity
  8
0
100
AcDbLine
 10
181.2802904280567
 20
124.353056850737
 30
0.0
 11
181.2802904280567
 21
137.353056850737
 31
0.0
  0
LINE
  5
10F3
330
1D
100
AcDbEntity
  8
0
100
AcDbLine
 10
167.2802904280567
 20
137.353056850737
 30
0.0
 11
167.2802904280567
 21
124.353056850737
 31
0.0
  0
ARC
  5
10F4
330
1D
100
AcDbEntity
  8
0
100
AcDbCircle
 10
186.8302904280567
 20
124.353056850737
 30
0.0
 40
0.5
100
AcDbArc
 50
180.0
 51
270.0
  0
ARC
  5
10F5
330
1D
100
AcDbEntity
  8
0
100
AcDbCircle
 10
199.8302904280567
 20
124.353056850737
 30
0.0
 40
0.5
100
AcDbArc
 50
270.0
 51
0.0
  0
ARC
  5
10F6
330
1D
100
AcDbEntity
  8
0
100
AcDbCircle
 10
199.8302904280567
 20
137.353056850737
 30
0.0
 40
0.5
100
AcDbArc
 50
0.0
 51
90.0
  0
ARC
  5
10F7
330
1D
100
AcDbEntity
  8
0
100
AcDbCircle
 10
186.8302904280567
 20
137.353056850737
 30
0.0
 40
0.5
100
AcDbArc
 50
90.0
 51
180.0
  0
LINE
  5
10F8
330
1D
100
AcDbEntity
  8
0
100
AcDbLine
 10
186.8302904280567
 20
123.853056850737
 30
0.0
 11
199.8302904280567
 21
123.853056850737
 31
0.0
  0
LINE
  5
10F9
330
1D
100
AcDbEntity
  8
0
100
AcDbLine
 10
199.8302904280567
 20
137.853056850737
 30
0.0
 11
186.8302904280567
 21
137.853056850737
 31
0.0
  0
LINE
  5
10FA
330
1D
100
AcDbEntity
  8
0
100
AcDbLine
 10
200.3302904280567
 20
124.353056850737
 30
0.0
 11
200.3302904280567
 21
137.353056850737
 31
0.0
  0
LINE
  5
10FB
330
1D
100
AcDbEntity
  8
0
100
AcDbLine
 10
186.3302904280567
 20
137.353056850737
 30
0.0
 11
186.3302904280567
 21
124.353056850737
 31
0.0
  0
ARC
  5
10FC
330
1D
100
AcDbEntity
  8
0
100
AcDbCircle
 10
205.8802904280567
 20
124.353056850737
 30
0.0
 40
0.5
100
AcDbArc
 50
180.0
 51
270.0
  0
ARC
  5
10FD
330
1D
100
AcDbEntity
  8
0
100
AcDbCircle
 10
218.8802904280567
 20
124.353056850737
 30
0.0
 40
0.5
100
AcDbArc
 50
270.0
 51
0.0
  0
ARC
  5
10FE
330
1D
100
AcDbEntity
  8
0
100
AcDbCircle
 10
218.8802904280567
 20
137.353056850737
 30
0.0
 40
0.5
100
AcDbArc
 50
0.0
 51
90.0
  0
ARC
  5
10FF
330
1D
100
AcDbEntity
  8
0
100
AcDbCircle
 10
205.8802904280567
 20
137.353056850737
 30
0.0
 40
0.5
100
AcDbArc
 50
90.0
 51
180.0
  0
LINE
  5
1100
330
1D
100
AcDbEntity
  8
0
100
AcDbLine
 10
205.8802904280567
 20
123.853056850737
 30
0.0
 11
218.8802904280567
 21
123.853056850737
 31
0.0
  0
LINE
  5
1101
330
1D
100
AcDbEntity
  8
0
100
AcDbLine
 10
218.8802904280567
 20
137.853056850737
 30
0.0
 11
205.8802904280567
 21
137.853056850737
 31
0.0
  0
LINE
  5
1102
330
1D
100
AcDbEntity
  8
0
100
AcDbLine
 10
219.3802904280567
 20
124.353056850737
 30
0.0
 11
219.3802904280567
 21
137.353056850737
 31
0.0
  0
LINE
  5
1103
330
1D
100
AcDbEntity
  8
0
100
AcDbLine
 10
205.3802904280567
 20
137.353056850737
 30
0.0
 11
205.3802904280567
 21
124.353056850737
 31
0.0
  0
ARC
  5
1104
330
1D
100
AcDbEntity
  8
0
100
AcDbCircle
 10
234.4552904280567
 20
124.353056850737
 30
0.0
 40
0.5
100
AcDbArc
 50
180.0
 51
270.0
  0
ARC
  5
1105
330
1D
100
AcDbEntity
  8
0
100
AcDbCircle
 10
247.4552904280567
 20
124.353056850737
 30
0.0
 40
0.5
100
AcDbArc
 50
270.0
 51
0.0
  0
ARC
  5
1106
330
1D
100
AcDbEntity
  8
0
100
AcDbCircle
 10
247.4552904280567
 20
137.353056850737
 30
0.0
 40
0.5
100
AcDbArc
 50
0.0
 51
90.0
  0
ARC
  5
1107
330
1D
100
AcDbEntity
  8
0
100
AcDbCircle
 10
234.4552904280567
 20
137.353056850737
 30
0.0
 40
0.5
100
AcDbArc
 50
90.0
 51
180.0
  0
LINE
  5
1108
330
1D
100
AcDbEntity
  8
0
100
AcDbLine
 10
234.4552904280567
 20
123.853056850737
 30
0.0
 11
247.4552904280567
 21
123.853056850737
 31
0.0
  0
LINE
  5
1109
330
1D
100
AcDbEntity
  8
0
100
AcDbLine
 10
247.4552904280567
 20
137.853056850737
 30
0.0
 11
234.4552904280567
 21
137.853056850737
 31
0.0
  0
LINE
  5
110A
330
1D
100
AcDbEntity
  8
0
100
AcDbLine
 10
247.9552904280567
 20
124.353056850737
 30
0.0
 11
247.9552904280567
 21
137.353056850737
 31
0.0
  0
LINE
  5
110B
330
1D
100
AcDbEntity
  8
0
100
AcDbLine
 10
233.9552904280567
 20
137.353056850737
 30
0.0
 11
233.9552904280567
 21
124.353056850737
 31
0.0
  0
ARC
  5
110C
330
1D
100
AcDbEntity
  8
0
100
AcDbCircle
 10
253.5052904280567
 20
124.353056850737
 30
0.0
 40
0.5
100
AcDbArc
 50
180.0
 51
270.0
  0
ARC
  5
110D
330
1D
100
AcDbEntity
  8
0
100
AcDbCircle
 10
266.5052904280567
 20
124.353056850737
 30
0.0
 40
0.5
100
AcDbArc
 50
270.0
 51
0.0
  0
ARC
  5
110E
330
1D
100
AcDbEntity
  8
0
100
AcDbCircle
 10
266.5052904280567
 20
137.353056850737
 30
0.0
 40
0.5
100
AcDbArc
 50
0.0
 51
90.0
  0
ARC
  5
110F
330
1D
100
AcDbEntity
  8
0
100
AcDbCircle
 10
253.5052904280567
 20
137.353056850737
 30
0.0
 40
0.5
100
AcDbArc
 50
90.0
 51
180.0
  0
LINE
  5
1110
330
1D
100
AcDbEntity
  8
0
100
AcDbLine
 10
253.5052904280567
 20
123.853056850737
 30
0.0
 11
266.5052904280567
 21
123.853056850737
 31
0.0
  0
LINE
  5
1111
330
1D
100
AcDbEntity
  8
0
100
AcDbLine
 10
266.5052904280567
 20
137.853056850737
 30
0.0
 11
253.5052904280567
 21
137.853056850737
 31
0.0
  0
LINE
  5
1112
330
1D
100
AcDbEntity
  8
0
100
AcDbLine
 10
267.0052904280567
 20
124.353056850737
 30
0.0
 11
267.0052904280567
 21
137.353056850737
 31
0.0
  0
LINE
  5
1113
330
1D
100
AcDbEntity
  8
0
100
AcDbLine
 10
253.0052904280567
 20
137.353056850737
 30
0.0
 11
253.0052904280567
 21
124.353056850737
 31
0.0
  0
ARC
  5
1114
330
1D
100
AcDbEntity
  8
0
100
AcDbCircle
 10
272.5552904280568
 20
124.353056850737
 30
0.0
 40
0.5
100
AcDbArc
 50
180.0
 51
270.0
  0
ARC
  5
1115
330
1D
100
AcDbEntity
  8
0
100
AcDbCircle
 10
285.5552904280568
 20
124.353056850737
 30
0.0
 40
0.5
100
AcDbArc
 50
270.0
 51
0.0
  0
ARC
  5
1116
330
1D
100
AcDbEntity
  8
0
100
AcDbCircle
 10
285.5552904280568
 20
137.353056850737
 30
0.0
 40
0.5
100
AcDbArc
 50
0.0
 51
90.0
  0
ARC
  5
1117
330
1D
100
AcDbEntity
  8
0
100
AcDbCircle
 10
272.5552904280568
 20
137.353056850737
 30
0.0
 40
0.5
100
AcDbArc
 50
90.0
 51
180.0
  0
LINE
  5
1118
330
1D
100
AcDbEntity
  8
0
100
AcDbLine
 10
272.5552904280568
 20
123.853056850737
 30
0.0
 11
285.5552904280568
 21
123.853056850737
 31
0.0
  0
LINE
  5
1119
330
1D
100
AcDbEntity
  8
0
100
AcDbLine
 10
285.5552904280568
 20
137.853056850737
 30
0.0
 11
272.5552904280568
 21
137.853056850737
 31
0.0
  0
LINE
  5
111A
330
1D
100
AcDbEntity
  8
0
100
AcDbLine
 10
286.0552904280568
 20
124.353056850737
 30
0.0
 11
286.0552904280568
 21
137.353056850737
 31
0.0
  0
LINE
  5
111B
330
1D
100
AcDbEntity
  8
0
100
AcDbLine
 10
272.0552904280568
 20
137.353056850737
 30
0.0
 11
272.0552904280568
 21
124.353056850737
 31
0.0
  0
ARC
  5
111C
330
1D
100
AcDbEntity
  8
0
100
AcDbCircle
 10
291.6052904280567
 20
124.353056850737
 30
0.0
 40
0.5
100
AcDbArc
 50
180.0
 51
270.0
  0
ARC
  5
111D
330
1D
100
AcDbEntity
  8
0
100
AcDbCircle
 10
304.6052904280567
 20
124.353056850737
 30
0.0
 40
0.5
100
AcDbArc
 50
270.0
 51
0.0
  0
ARC
  5
111E
330
1D
100
AcDbEntity
  8
0
100
AcDbCircle
 10
304.6052904280567
 20
137.353056850737
 30
0.0
 40
0.5
100
AcDbArc
 50
0.0
 51
90.0
  0
ARC
  5
111F
330
1D
100
AcDbEntity
  8
0
100
AcDbCircle
 10
291.6052904280567
 20
137.353056850737
 30
0.0
 40
0.5
100
AcDbArc
 50
90.0
 51
180.0
  0
LINE
  5
1120
330
1D
100
AcDbEntity
  8
0
100
AcDbLine
 10
291.6052904280567
 20
123.853056850737
 30
0.0
 11
304.6052904280567
 21
123.853056850737
 31
0.0
  0
LINE
  5
1121
330
1D
100
AcDbEntity
  8
0
100
AcDbLine
 10
304.6052904280567
 20
137.853056850737
 30
0.0
 11
291.6052904280567
 21
137.853056850737
 31
0.0
  0
LINE
  5
1122
330
1D
100
AcDbEntity
  8
0
100
AcDbLine
 10
305.1052904280567
 20
124.353056850737
 30
0.0
 11
305.1052904280567
 21
137.353056850737
 31
0.0
  0
LINE
  5
1123
330
1D
100
AcDbEntity
  8
0
100
AcDbLine
 10
291.1052904280567
 20
137.353056850737
 30
0.0
 11
291.1052904280567
 21
124.353056850737
 31
0.0
  0
ARC
  5
1124
330
1D
100
AcDbEntity
  8
0
100
AcDbCircle
 10
315.4177904280567
 20
124.353056850737
 30
0.0
 40
0.5
100
AcDbArc
 50
180.0
 51
270.0
  0
ARC
  5
1125
330
1D
100
AcDbEntity
  8
0
100
AcDbCircle
 10
328.4177904280567
 20
124.353056850737
 30
0.0
 40
0.5
100
AcDbArc
 50
270.0
 51
0.0
  0
ARC
  5
1126
330
1D
100
AcDbEntity
  8
0
100
AcDbCircle
 10
328.4177904280567
 20
137.353056850737
 30
0.0
 40
0.5
100
AcDbArc
 50
0.0
 51
90.0
  0
ARC
  5
1127
330
1D
100
AcDbEntity
  8
0
100
AcDbCircle
 10
315.4177904280567
 20
137.353056850737
 30
0.0
 40
0.5
100
AcDbArc
 50
90.0
 51
180.0
  0
LINE
  5
1128
330
1D
100
AcDbEntity
  8
0
100
AcDbLine
 10
315.4177904280567
 20
123.853056850737
 30
0.0
 11
328.4177904280567
 21
123.853056850737
 31
0.0
  0
LINE
  5
1129
330
1D
100
AcDbEntity
  8
0
100
AcDbLine
 10
328.4177904280567
 20
137.853056850737
 30
0.0
 11
315.4177904280567
 21
137.853056850737
 31
0.0
  0
LINE
  5
112A
330
1D
100
AcDbEntity
  8
0
100
AcDbLine
 10
328.9177904280567
 20
124.353056850737
 30
0.0
 11
328.9177904280567
 21
137.353056850737
 31
0.0
  0
LINE
  5
112B
330
1D
100
AcDbEntity
  8
0
100
AcDbLine
 10
314.9177904280567
 20
137.353056850737
 30
0.0
 11
314.9177904280567
 21
124.353056850737
 31
0.0
  0
ARC
  5
112C
330
1D
100
AcDbEntity
  8
0
100
AcDbCircle
 10
334.4677904280567
 20
124.353056850737
 30
0.0
 40
0.5
100
AcDbArc
 50
180.0
 51
270.0
  0
ARC
  5
112D
330
1D
100
AcDbEntity
  8
0
100
AcDbCircle
 10
347.4677904280567
 20
124.353056850737
 30
0.0
 40
0.5
100
AcDbArc
 50
270.0
 51
0.0
  0
ARC
  5
112E
330
1D
100
AcDbEntity
  8
0
100
AcDbCircle
 10
347.4677904280567
 20
137.353056850737
 30
0.0
 40
0.5
100
AcDbArc
 50
0.0
 51
90.0
  0
ARC
  5
112F
330
1D
100
AcDbEntity
  8
0
100
AcDbCircle
 10
334.4677904280567
 20
137.353056850737
 30
0.0
 40
0.5
100
AcDbArc
 50
90.0
 51
180.0
  0
LINE
  5
1130
330
1D
100
AcDbEntity
  8
0
100
AcDbLine
 10
334.4677904280567
 20
123.853056850737
 30
0.0
 11
347.4677904280567
 21
123.853056850737
 31
0.0
  0
LINE
  5
1131
330
1D
100
AcDbEntity
  8
0
100
AcDbLine
 10
347.4677904280567
 20
137.853056850737
 30
0.0
 11
334.4677904280567
 21
137.853056850737
 31
0.0
  0
LINE
  5
1132
330
1D
100
AcDbEntity
  8
0
100
AcDbLine
 10
347.9677904280567
 20
124.353056850737
 30
0.0
 11
347.9677904280567
 21
137.353056850737
 31
0.0
  0
LINE
  5
1133
330
1D
100
AcDbEntity
  8
0
100
AcDbLine
 10
333.9677904280567
 20
137.353056850737
 30
0.0
 11
333.9677904280567
 21
124.353056850737
 31
0.0
  0
ARC
  5
1134
330
1D
100
AcDbEntity
  8
0
100
AcDbCircle
 10
353.5177904280567
 20
124.353056850737
 30
0.0
 40
0.5
100
AcDbArc
 50
180.0
 51
270.0
  0
ARC
  5
1135
330
1D
100
AcDbEntity
  8
0
100
AcDbCircle
 10
366.5177904280567
 20
124.353056850737
 30
0.0
 40
0.5
100
AcDbArc
 50
270.0
 51
0.0
  0
ARC
  5
1136
330
1D
100
AcDbEntity
  8
0
100
AcDbCircle
 10
366.5177904280567
 20
137.353056850737
 30
0.0
 40
0.5
100
AcDbArc
 50
0.0
 51
90.0
  0
ARC
  5
1137
330
1D
100
AcDbEntity
  8
0
100
AcDbCircle
 10
353.5177904280567
 20
137.353056850737
 30
0.0
 40
0.5
100
AcDbArc
 50
90.0
 51
180.0
  0
LINE
  5
1138
330
1D
100
AcDbEntity
  8
0
100
AcDbLine
 10
353.5177904280567
 20
123.853056850737
 30
0.0
 11
366.5177904280567
 21
123.853056850737
 31
0.0
  0
LINE
  5
1139
102
{ACAD_REACTORS
330
1472
102
}
330
1D
100
AcDbEntity
  8
0
100
AcDbLine
 10
366.5177904280567
 20
137.853056850737
 30
0.0
 11
353.5177904280567
 21
137.853056850737
 31
0.0
  0
LINE
  5
113A
102
{ACAD_REACTORS
330
1462
102
}
330
1D
100
AcDbEntity
  8
0
100
AcDbLine
 10
367.0177904280567
 20
124.353056850737
 30
0.0
 11
367.0177904280567
 21
137.353056850737
 31
0.0
  0
LINE
  5
113B
330
1D
100
AcDbEntity
  8
0
100
AcDbLine
 10
353.0177904280567
 20
137.353056850737
 30
0.0
 11
353.0177904280567
 21
124.353056850737
 31
0.0
  0
ARC
  5
113C
330
1D
100
AcDbEntity
  8
0
100
AcDbCircle
 10
24.90529042805672
 20
95.778056850737
 30
0.0
 40
0.5
100
AcDbArc
 50
180.0
 51
270.0
  0
ARC
  5
113D
330
1D
100
AcDbEntity
  8
0
100
AcDbCircle
 10
37.90529042805672
 20
95.778056850737
 30
0.0
 40
0.5
100
AcDbArc
 50
270.0
 51
0.0
  0
ARC
  5
113E
330
1D
100
AcDbEntity
  8
0
100
AcDbCircle
 10
37.90529042805672
 20
108.778056850737
 30
0.0
 40
0.5
100
AcDbArc
 50
0.0
 51
90.0
  0
ARC
  5
113F
330
1D
100
AcDbEntity
  8
0
100
AcDbCircle
 10
24.90529042805672
 20
108.778056850737
 30
0.0
 40
0.5
100
AcDbArc
 50
90.0
 51
180.0
  0
LINE
  5
1140
330
1D
100
AcDbEntity
  8
0
100
AcDbLine
 10
24.90529042805672
 20
95.278056850737
 30
0.0
 11
37.90529042805672
 21
95.278056850737
 31
0.0
  0
LINE
  5
1141
330
1D
100
AcDbEntity
  8
0
100
AcDbLine
 10
37.90529042805672
 20
109.278056850737
 30
0.0
 11
24.90529042805672
 21
109.278056850737
 31
0.0
  0
LINE
  5
1142
330
1D
100
AcDbEntity
  8
0
100
AcDbLine
 10
38.40529042805672
 20
95.778056850737
 30
0.0
 11
38.40529042805672
 21
108.778056850737
 31
0.0
  0
LINE
  5
1143
330
1D
100
AcDbEntity
  8
0
100
AcDbLine
 10
24.40529042805672
 20
108.778056850737
 30
0.0
 11
24.40529042805672
 21
95.778056850737
 31
0.0
  0
ARC
  5
1144
330
1D
100
AcDbEntity
  8
0
100
AcDbCircle
 10
43.95529042805673
 20
95.778056850737
 30
0.0
 40
0.5
100
AcDbArc
 50
180.0
 51
270.0
  0
ARC
  5
1145
330
1D
100
AcDbEntity
  8
0
100
AcDbCircle
 10
56.95529042805673
 20
95.778056850737
 30
0.0
 40
0.5
100
AcDbArc
 50
270.0
 51
0.0
  0
ARC
  5
1146
330
1D
100
AcDbEntity
  8
0
100
AcDbCircle
 10
56.95529042805673
 20
108.778056850737
 30
0.0
 40
0.5
100
AcDbArc
 50
0.0
 51
90.0
  0
ARC
  5
1147
330
1D
100
AcDbEntity
  8
0
100
AcDbCircle
 10
43.95529042805673
 20
108.778056850737
 30
0.0
 40
0.5
100
AcDbArc
 50
90.0
 51
180.0
  0
LINE
  5
1148
330
1D
100
AcDbEntity
  8
0
100
AcDbLine
 10
43.95529042805673
 20
95.278056850737
 30
0.0
 11
56.95529042805673
 21
95.278056850737
 31
0.0
  0
LINE
  5
1149
330
1D
100
AcDbEntity
  8
0
100
AcDbLine
 10
56.95529042805673
 20
109.278056850737
 30
0.0
 11
43.95529042805673
 21
109.278056850737
 31
0.0
  0
LINE
  5
114A
330
1D
100
AcDbEntity
  8
0
100
AcDbLine
 10
57.45529042805673
 20
95.778056850737
 30
0.0
 11
57.45529042805673
 21
108.778056850737
 31
0.0
  0
LINE
  5
114B
330
1D
100
AcDbEntity
  8
0
100
AcDbLine
 10
43.45529042805673
 20
108.778056850737
 30
0.0
 11
43.45529042805673
 21
95.778056850737
 31
0.0
  0
ARC
  5
114C
330
1D
100
AcDbEntity
  8
0
100
AcDbCircle
 10
63.00529042805672
 20
95.778056850737
 30
0.0
 40
0.5
100
AcDbArc
 50
180.0
 51
270.0
  0
ARC
  5
114D
330
1D
100
AcDbEntity
  8
0
100
AcDbCircle
 10
76.00529042805672
 20
95.778056850737
 30
0.0
 40
0.5
100
AcDbArc
 50
270.0
 51
0.0
  0
ARC
  5
114E
330
1D
100
AcDbEntity
  8
0
100
AcDbCircle
 10
76.00529042805672
 20
108.778056850737
 30
0.0
 40
0.5
100
AcDbArc
 50
0.0
 51
90.0
  0
ARC
  5
114F
330
1D
100
AcDbEntity
  8
0
100
AcDbCircle
 10
63.00529042805672
 20
108.778056850737
 30
0.0
 40
0.5
100
AcDbArc
 50
90.0
 51
180.0
  0
LINE
  5
1150
330
1D
100
AcDbEntity
  8
0
100
AcDbLine
 10
63.00529042805672
 20
95.278056850737
 30
0.0
 11
76.00529042805672
 21
95.278056850737
 31
0.0
  0
LINE
  5
1151
330
1D
100
AcDbEntity
  8
0
100
AcDbLine
 10
76.00529042805672
 20
109.278056850737
 30
0.0
 11
63.00529042805672
 21
109.278056850737
 31
0.0
  0
LINE
  5
1152
330
1D
100
AcDbEntity
  8
0
100
AcDbLine
 10
76.50529042805672
 20
95.778056850737
 30
0.0
 11
76.50529042805672
 21
108.778056850737
 31
0.0
  0
LINE
  5
1153
330
1D
100
AcDbEntity
  8
0
100
AcDbLine
 10
62.50529042805672
 20
108.778056850737
 30
0.0
 11
62.50529042805672
 21
95.778056850737
 31
0.0
  0
ARC
  5
1154
330
1D
100
AcDbEntity
  8
0
100
AcDbCircle
 10
82.05529042805672
 20
95.778056850737
 30
0.0
 40
0.5
100
AcDbArc
 50
180.0
 51
270.0
  0
ARC
  5
1155
330
1D
100
AcDbEntity
  8
0
100
AcDbCircle
 10
95.05529042805672
 20
95.778056850737
 30
0.0
 40
0.5
100
AcDbArc
 50
270.0
 51
0.0
  0
ARC
  5
1156
330
1D
100
AcDbEntity
  8
0
100
AcDbCircle
 10
95.05529042805672
 20
108.778056850737
 30
0.0
 40
0.5
100
AcDbArc
 50
0.0
 51
90.0
  0
ARC
  5
1157
330
1D
100
AcDbEntity
  8
0
100
AcDbCircle
 10
82.05529042805672
 20
108.778056850737
 30
0.0
 40
0.5
100
AcDbArc
 50
90.0
 51
180.0
  0
LINE
  5
1158
330
1D
100
AcDbEntity
  8
0
100
AcDbLine
 10
82.05529042805672
 20
95.278056850737
 30
0.0
 11
95.05529042805672
 21
95.278056850737
 31
0.0
  0
LINE
  5
1159
330
1D
100
AcDbEntity
  8
0
100
AcDbLine
 10
95.05529042805672
 20
109.278056850737
 30
0.0
 11
82.05529042805672
 21
109.278056850737
 31
0.0
  0
LINE
  5
115A
330
1D
100
AcDbEntity
  8
0
100
AcDbLine
 10
95.55529042805672
 20
95.778056850737
 30
0.0
 11
95.55529042805672
 21
108.778056850737
 31
0.0
  0
LINE
  5
115B
330
1D
100
AcDbEntity
  8
0
100
AcDbLine
 10
81.55529042805672
 20
108.778056850737
 30
0.0
 11
81.55529042805672
 21
95.778056850737
 31
0.0
  0
ARC
  5
115C
330
1D
100
AcDbEntity
  8
0
100
AcDbCircle
 10
101.1052904280567
 20
95.778056850737
 30
0.0
 40
0.5
100
AcDbArc
 50
180.0
 51
270.0
  0
ARC
  5
115D
330
1D
100
AcDbEntity
  8
0
100
AcDbCircle
 10
114.1052904280567
 20
95.778056850737
 30
0.0
 40
0.5
100
AcDbArc
 50
270.0
 51
0.0
  0
ARC
  5
115E
330
1D
100
AcDbEntity
  8
0
100
AcDbCircle
 10
114.1052904280567
 20
108.778056850737
 30
0.0
 40
0.5
100
AcDbArc
 50
0.0
 51
90.0
  0
ARC
  5
115F
330
1D
100
AcDbEntity
  8
0
100
AcDbCircle
 10
101.1052904280567
 20
108.778056850737
 30
0.0
 40
0.5
100
AcDbArc
 50
90.0
 51
180.0
  0
LINE
  5
1160
330
1D
100
AcDbEntity
  8
0
100
AcDbLine
 10
101.1052904280567
 20
95.278056850737
 30
0.0
 11
114.1052904280567
 21
95.278056850737
 31
0.0
  0
LINE
  5
1161
330
1D
100
AcDbEntity
  8
0
100
AcDbLine
 10
114.1052904280567
 20
109.278056850737
 30
0.0
 11
101.1052904280567
 21
109.278056850737
 31
0.0
  0
LINE
  5
1162
330
1D
100
AcDbEntity
  8
0
100
AcDbLine
 10
114.6052904280567
 20
95.778056850737
 30
0.0
 11
114.6052904280567
 21
108.778056850737
 31
0.0
  0
LINE
  5
1163
330
1D
100
AcDbEntity
  8
0
100
AcDbLine
 10
100.6052904280567
 20
108.778056850737
 30
0.0
 11
100.6052904280567
 21
95.778056850737
 31
0.0
  0
ARC
  5
1164
330
1D
100
AcDbEntity
  8
0
100
AcDbCircle
 10
120.1552904280567
 20
95.778056850737
 30
0.0
 40
0.5
100
AcDbArc
 50
180.0
 51
270.0
  0
ARC
  5
1165
330
1D
100
AcDbEntity
  8
0
100
AcDbCircle
 10
133.1552904280567
 20
95.778056850737
 30
0.0
 40
0.5
100
AcDbArc
 50
270.0
 51
0.0
  0
ARC
  5
1166
330
1D
100
AcDbEntity
  8
0
100
AcDbCircle
 10
133.1552904280567
 20
108.778056850737
 30
0.0
 40
0.5
100
AcDbArc
 50
0.0
 51
90.0
  0
ARC
  5
1167
330
1D
100
AcDbEntity
  8
0
100
AcDbCircle
 10
120.1552904280567
 20
108.778056850737
 30
0.0
 40
0.5
100
AcDbArc
 50
90.0
 51
180.0
  0
LINE
  5
1168
330
1D
100
AcDbEntity
  8
0
100
AcDbLine
 10
120.1552904280567
 20
95.278056850737
 30
0.0
 11
133.1552904280567
 21
95.278056850737
 31
0.0
  0
LINE
  5
1169
330
1D
100
AcDbEntity
  8
0
100
AcDbLine
 10
133.1552904280567
 20
109.278056850737
 30
0.0
 11
120.1552904280567
 21
109.278056850737
 31
0.0
  0
LINE
  5
116A
330
1D
100
AcDbEntity
  8
0
100
AcDbLine
 10
133.6552904280567
 20
95.778056850737
 30
0.0
 11
133.6552904280567
 21
108.778056850737
 31
0.0
  0
LINE
  5
116B
330
1D
100
AcDbEntity
  8
0
100
AcDbLine
 10
119.6552904280567
 20
108.778056850737
 30
0.0
 11
119.6552904280567
 21
95.778056850737
 31
0.0
  0
ARC
  5
116C
330
1D
100
AcDbEntity
  8
0
100
AcDbCircle
 10
139.2052904280567
 20
95.778056850737
 30
0.0
 40
0.5
100
AcDbArc
 50
180.0
 51
270.0
  0
ARC
  5
116D
330
1D
100
AcDbEntity
  8
0
100
AcDbCircle
 10
152.2052904280567
 20
95.778056850737
 30
0.0
 40
0.5
100
AcDbArc
 50
270.0
 51
0.0
  0
ARC
  5
116E
330
1D
100
AcDbEntity
  8
0
100
AcDbCircle
 10
152.2052904280567
 20
108.778056850737
 30
0.0
 40
0.5
100
AcDbArc
 50
0.0
 51
90.0
  0
ARC
  5
116F
330
1D
100
AcDbEntity
  8
0
100
AcDbCircle
 10
139.2052904280567
 20
108.778056850737
 30
0.0
 40
0.5
100
AcDbArc
 50
90.0
 51
180.0
  0
LINE
  5
1170
330
1D
100
AcDbEntity
  8
0
100
AcDbLine
 10
139.2052904280567
 20
95.278056850737
 30
0.0
 11
152.2052904280567
 21
95.278056850737
 31
0.0
  0
LINE
  5
1171
330
1D
100
AcDbEntity
  8
0
100
AcDbLine
 10
152.2052904280567
 20
109.278056850737
 30
0.0
 11
139.2052904280567
 21
109.278056850737
 31
0.0
  0
LINE
  5
1172
330
1D
100
AcDbEntity
  8
0
100
AcDbLine
 10
152.7052904280567
 20
95.778056850737
 30
0.0
 11
152.7052904280567
 21
108.778056850737
 31
0.0
  0
LINE
  5
1173
330
1D
100
AcDbEntity
  8
0
100
AcDbLine
 10
138.7052904280567
 20
108.778056850737
 30
0.0
 11
138.7052904280567
 21
95.778056850737
 31
0.0
  0
ARC
  5
1174
330
1D
100
AcDbEntity
  8
0
100
AcDbCircle
 10
158.2552904280567
 20
95.778056850737
 30
0.0
 40
0.5
100
AcDbArc
 50
180.0
 51
270.0
  0
ARC
  5
1175
330
1D
100
AcDbEntity
  8
0
100
AcDbCircle
 10
171.2552904280567
 20
95.778056850737
 30
0.0
 40
0.5
100
AcDbArc
 50
270.0
 51
0.0
  0
ARC
  5
1176
330
1D
100
AcDbEntity
  8
0
100
AcDbCircle
 10
171.2552904280567
 20
108.778056850737
 30
0.0
 40
0.5
100
AcDbArc
 50
0.0
 51
90.0
  0
ARC
  5
1177
330
1D
100
AcDbEntity
  8
0
100
AcDbCircle
 10
158.2552904280567
 20
108.778056850737
 30
0.0
 40
0.5
100
AcDbArc
 50
90.0
 51
180.0
  0
LINE
  5
1178
330
1D
100
AcDbEntity
  8
0
100
AcDbLine
 10
158.2552904280567
 20
95.278056850737
 30
0.0
 11
171.2552904280567
 21
95.278056850737
 31
0.0
  0
LINE
  5
1179
330
1D
100
AcDbEntity
  8
0
100
AcDbLine
 10
171.2552904280567
 20
109.278056850737
 30
0.0
 11
158.2552904280567
 21
109.278056850737
 31
0.0
  0
LINE
  5
117A
330
1D
100
AcDbEntity
  8
0
100
AcDbLine
 10
171.7552904280567
 20
95.778056850737
 30
0.0
 11
171.7552904280567
 21
108.778056850737
 31
0.0
  0
LINE
  5
117B
330
1D
100
AcDbEntity
  8
0
100
AcDbLine
 10
157.7552904280567
 20
108.778056850737
 30
0.0
 11
157.7552904280567
 21
95.778056850737
 31
0.0
  0
ARC
  5
117C
330
1D
100
AcDbEntity
  8
0
100
AcDbCircle
 10
177.3052904280567
 20
95.778056850737
 30
0.0
 40
0.5
100
AcDbArc
 50
180.0
 51
270.0
  0
ARC
  5
117D
330
1D
100
AcDbEntity
  8
0
100
AcDbCircle
 10
190.3052904280567
 20
95.778056850737
 30
0.0
 40
0.5
100
AcDbArc
 50
270.0
 51
0.0
  0
ARC
  5
117E
330
1D
100
AcDbEntity
  8
0
100
AcDbCircle
 10
190.3052904280567
 20
108.778056850737
 30
0.0
 40
0.5
100
AcDbArc
 50
0.0
 51
90.0
  0
ARC
  5
117F
330
1D
100
AcDbEntity
  8
0
100
AcDbCircle
 10
177.3052904280567
 20
108.778056850737
 30
0.0
 40
0.5
100
AcDbArc
 50
90.0
 51
180.0
  0
LINE
  5
1180
330
1D
100
AcDbEntity
  8
0
100
AcDbLine
 10
177.3052904280567
 20
95.278056850737
 30
0.0
 11
190.3052904280567
 21
95.278056850737
 31
0.0
  0
LINE
  5
1181
330
1D
100
AcDbEntity
  8
0
100
AcDbLine
 10
190.3052904280567
 20
109.278056850737
 30
0.0
 11
177.3052904280567
 21
109.278056850737
 31
0.0
  0
LINE
  5
1182
330
1D
100
AcDbEntity
  8
0
100
AcDbLine
 10
190.8052904280567
 20
95.778056850737
 30
0.0
 11
190.8052904280567
 21
108.778056850737
 31
0.0
  0
LINE
  5
1183
330
1D
100
AcDbEntity
  8
0
100
AcDbLine
 10
176.8052904280567
 20
108.778056850737
 30
0.0
 11
176.8052904280567
 21
95.778056850737
 31
0.0
  0
ARC
  5
1184
330
1D
100
AcDbEntity
  8
0
100
AcDbCircle
 10
196.3552904280567
 20
95.778056850737
 30
0.0
 40
0.5
100
AcDbArc
 50
180.0
 51
270.0
  0
ARC
  5
1185
330
1D
100
AcDbEntity
  8
0
100
AcDbCircle
 10
209.3552904280567
 20
95.778056850737
 30
0.0
 40
0.5
100
AcDbArc
 50
270.0
 51
0.0
  0
ARC
  5
1186
330
1D
100
AcDbEntity
  8
0
100
AcDbCircle
 10
209.3552904280567
 20
108.778056850737
 30
0.0
 40
0.5
100
AcDbArc
 50
0.0
 51
90.0
  0
ARC
  5
1187
330
1D
100
AcDbEntity
  8
0
100
AcDbCircle
 10
196.3552904280567
 20
108.778056850737
 30
0.0
 40
0.5
100
AcDbArc
 50
90.0
 51
180.0
  0
LINE
  5
1188
330
1D
100
AcDbEntity
  8
0
100
AcDbLine
 10
196.3552904280567
 20
95.278056850737
 30
0.0
 11
209.3552904280567
 21
95.278056850737
 31
0.0
  0
LINE
  5
1189
330
1D
100
AcDbEntity
  8
0
100
AcDbLine
 10
209.3552904280567
 20
109.278056850737
 30
0.0
 11
196.3552904280567
 21
109.278056850737
 31
0.0
  0
LINE
  5
118A
330
1D
100
AcDbEntity
  8
0
100
AcDbLine
 10
209.8552904280567
 20
95.778056850737
 30
0.0
 11
209.8552904280567
 21
108.778056850737
 31
0.0
  0
LINE
  5
118B
330
1D
100
AcDbEntity
  8
0
100
AcDbLine
 10
195.8552904280567
 20
108.778056850737
 30
0.0
 11
195.8552904280567
 21
95.778056850737
 31
0.0
  0
ARC
  5
118C
330
1D
100
AcDbEntity
  8
0
100
AcDbCircle
 10
215.4052904280567
 20
95.778056850737
 30
0.0
 40
0.5
100
AcDbArc
 50
180.0
 51
270.0
  0
ARC
  5
118D
330
1D
100
AcDbEntity
  8
0
100
AcDbCircle
 10
228.4052904280567
 20
95.778056850737
 30
0.0
 40
0.5
100
AcDbArc
 50
270.0
 51
0.0
  0
ARC
  5
118E
330
1D
100
AcDbEntity
  8
0
100
AcDbCircle
 10
228.4052904280567
 20
108.778056850737
 30
0.0
 40
0.5
100
AcDbArc
 50
0.0
 51
90.0
  0
ARC
  5
118F
330
1D
100
AcDbEntity
  8
0
100
AcDbCircle
 10
215.4052904280567
 20
108.778056850737
 30
0.0
 40
0.5
100
AcDbArc
 50
90.0
 51
180.0
  0
LINE
  5
1190
330
1D
100
AcDbEntity
  8
0
100
AcDbLine
 10
215.4052904280567
 20
95.278056850737
 30
0.0
 11
228.4052904280567
 21
95.278056850737
 31
0.0
  0
LINE
  5
1191
330
1D
100
AcDbEntity
  8
0
100
AcDbLine
 10
228.4052904280567
 20
109.278056850737
 30
0.0
 11
215.4052904280567
 21
109.278056850737
 31
0.0
  0
LINE
  5
1192
330
1D
100
AcDbEntity
  8
0
100
AcDbLine
 10
228.9052904280567
 20
95.778056850737
 30
0.0
 11
228.9052904280567
 21
108.778056850737
 31
0.0
  0
LINE
  5
1193
330
1D
100
AcDbEntity
  8
0
100
AcDbLine
 10
214.9052904280567
 20
108.778056850737
 30
0.0
 11
214.9052904280567
 21
95.778056850737
 31
0.0
  0
ARC
  5
1194
330
1D
100
AcDbEntity
  8
0
100
AcDbCircle
 10
234.4552904280567
 20
95.778056850737
 30
0.0
 40
0.5
100
AcDbArc
 50
180.0
 51
270.0
  0
ARC
  5
1195
330
1D
100
AcDbEntity
  8
0
100
AcDbCircle
 10
247.4552904280567
 20
95.778056850737
 30
0.0
 40
0.5
100
AcDbArc
 50
270.0
 51
0.0
  0
ARC
  5
1196
330
1D
100
AcDbEntity
  8
0
100
AcDbCircle
 10
247.4552904280567
 20
108.778056850737
 30
0.0
 40
0.5
100
AcDbArc
 50
0.0
 51
90.0
  0
ARC
  5
1197
330
1D
100
AcDbEntity
  8
0
100
AcDbCircle
 10
234.4552904280567
 20
108.778056850737
 30
0.0
 40
0.5
100
AcDbArc
 50
90.0
 51
180.0
  0
LINE
  5
1198
330
1D
100
AcDbEntity
  8
0
100
AcDbLine
 10
234.4552904280567
 20
95.278056850737
 30
0.0
 11
247.4552904280567
 21
95.278056850737
 31
0.0
  0
LINE
  5
1199
330
1D
100
AcDbEntity
  8
0
100
AcDbLine
 10
247.4552904280567
 20
109.278056850737
 30
0.0
 11
234.4552904280567
 21
109.278056850737
 31
0.0
  0
LINE
  5
119A
330
1D
100
AcDbEntity
  8
0
100
AcDbLine
 10
247.9552904280567
 20
95.778056850737
 30
0.0
 11
247.9552904280567
 21
108.778056850737
 31
0.0
  0
LINE
  5
119B
330
1D
100
AcDbEntity
  8
0
100
AcDbLine
 10
233.9552904280567
 20
108.778056850737
 30
0.0
 11
233.9552904280567
 21
95.778056850737
 31
0.0
  0
ARC
  5
119C
330
1D
100
AcDbEntity
  8
0
100
AcDbCircle
 10
253.5052904280567
 20
95.778056850737
 30
0.0
 40
0.5
100
AcDbArc
 50
180.0
 51
270.0
  0
ARC
  5
119D
330
1D
100
AcDbEntity
  8
0
100
AcDbCircle
 10
266.5052904280567
 20
95.778056850737
 30
0.0
 40
0.5
100
AcDbArc
 50
270.0
 51
0.0
  0
ARC
  5
119E
330
1D
100
AcDbEntity
  8
0
100
AcDbCircle
 10
266.5052904280567
 20
108.778056850737
 30
0.0
 40
0.5
100
AcDbArc
 50
0.0
 51
90.0
  0
ARC
  5
119F
330
1D
100
AcDbEntity
  8
0
100
AcDbCircle
 10
253.5052904280567
 20
108.778056850737
 30
0.0
 40
0.5
100
AcDbArc
 50
90.0
 51
180.0
  0
LINE
  5
11A0
330
1D
100
AcDbEntity
  8
0
100
AcDbLine
 10
253.5052904280567
 20
95.278056850737
 30
0.0
 11
266.5052904280567
 21
95.278056850737
 31
0.0
  0
LINE
  5
11A1
330
1D
100
AcDbEntity
  8
0
100
AcDbLine
 10
266.5052904280567
 20
109.278056850737
 30
0.0
 11
253.5052904280567
 21
109.278056850737
 31
0.0
  0
LINE
  5
11A2
330
1D
100
AcDbEntity
  8
0
100
AcDbLine
 10
267.0052904280567
 20
95.778056850737
 30
0.0
 11
267.0052904280567
 21
108.778056850737
 31
0.0
  0
LINE
  5
11A3
330
1D
100
AcDbEntity
  8
0
100
AcDbLine
 10
253.0052904280567
 20
108.778056850737
 30
0.0
 11
253.0052904280567
 21
95.778056850737
 31
0.0
  0
ARC
  5
11A4
330
1D
100
AcDbEntity
  8
0
100
AcDbCircle
 10
282.0802904280567
 20
95.778056850737
 30
0.0
 40
0.5
100
AcDbArc
 50
180.0
 51
270.0
  0
ARC
  5
11A5
330
1D
100
AcDbEntity
  8
0
100
AcDbCircle
 10
295.0802904280567
 20
95.778056850737
 30
0.0
 40
0.5
100
AcDbArc
 50
270.0
 51
0.0
  0
ARC
  5
11A6
330
1D
100
AcDbEntity
  8
0
100
AcDbCircle
 10
295.0802904280567
 20
108.778056850737
 30
0.0
 40
0.5
100
AcDbArc
 50
0.0
 51
90.0
  0
ARC
  5
11A7
330
1D
100
AcDbEntity
  8
0
100
AcDbCircle
 10
282.0802904280567
 20
108.778056850737
 30
0.0
 40
0.5
100
AcDbArc
 50
90.0
 51
180.0
  0
LINE
  5
11A8
330
1D
100
AcDbEntity
  8
0
100
AcDbLine
 10
282.0802904280567
 20
95.278056850737
 30
0.0
 11
295.0802904280567
 21
95.278056850737
 31
0.0
  0
LINE
  5
11A9
330
1D
100
AcDbEntity
  8
0
100
AcDbLine
 10
295.0802904280567
 20
109.278056850737
 30
0.0
 11
282.0802904280567
 21
109.278056850737
 31
0.0
  0
ARC
  5
11AA
330
1D
100
AcDbEntity
  8
0
100
AcDbCircle
 10
315.4177904280567
 20
95.778056850737
 30
0.0
 40
0.5
100
AcDbArc
 50
180.0
 51
270.0
  0
ARC
  5
11AB
330
1D
100
AcDbEntity
  8
0
100
AcDbCircle
 10
328.4177904280567
 20
95.778056850737
 30
0.0
 40
0.5
100
AcDbArc
 50
270.0
 51
0.0
  0
ARC
  5
11AC
330
1D
100
AcDbEntity
  8
0
100
AcDbCircle
 10
328.4177904280567
 20
108.778056850737
 30
0.0
 40
0.5
100
AcDbArc
 50
0.0
 51
90.0
  0
ARC
  5
11AD
330
1D
100
AcDbEntity
  8
0
100
AcDbCircle
 10
315.4177904280567
 20
108.778056850737
 30
0.0
 40
0.5
100
AcDbArc
 50
90.0
 51
180.0
  0
LINE
  5
11AE
330
1D
100
AcDbEntity
  8
0
100
AcDbLine
 10
315.4177904280567
 20
95.278056850737
 30
0.0
 11
328.4177904280567
 21
95.278056850737
 31
0.0
  0
LINE
  5
11AF
330
1D
100
AcDbEntity
  8
0
100
AcDbLine
 10
328.4177904280567
 20
109.278056850737
 30
0.0
 11
315.4177904280567
 21
109.278056850737
 31
0.0
  0
LINE
  5
11B0
330
1D
100
AcDbEntity
  8
0
100
AcDbLine
 10
328.9177904280567
 20
95.778056850737
 30
0.0
 11
328.9177904280567
 21
108.778056850737
 31
0.0
  0
LINE
  5
11B1
330
1D
100
AcDbEntity
  8
0
100
AcDbLine
 10
314.9177904280567
 20
108.778056850737
 30
0.0
 11
314.9177904280567
 21
95.778056850737
 31
0.0
  0
ARC
  5
11B2
330
1D
100
AcDbEntity
  8
0
100
AcDbCircle
 10
334.4677904280567
 20
95.778056850737
 30
0.0
 40
0.5
100
AcDbArc
 50
180.0
 51
270.0
  0
ARC
  5
11B3
330
1D
100
AcDbEntity
  8
0
100
AcDbCircle
 10
347.4677904280567
 20
95.778056850737
 30
0.0
 40
0.5
100
AcDbArc
 50
270.0
 51
0.0
  0
ARC
  5
11B4
330
1D
100
AcDbEntity
  8
0
100
AcDbCircle
 10
347.4677904280567
 20
108.778056850737
 30
0.0
 40
0.5
100
AcDbArc
 50
0.0
 51
90.0
  0
ARC
  5
11B5
330
1D
100
AcDbEntity
  8
0
100
AcDbCircle
 10
334.4677904280567
 20
108.778056850737
 30
0.0
 40
0.5
100
AcDbArc
 50
90.0
 51
180.0
  0
LINE
  5
11B6
330
1D
100
AcDbEntity
  8
0
100
AcDbLine
 10
334.4677904280567
 20
95.278056850737
 30
0.0
 11
347.4677904280567
 21
95.278056850737
 31
0.0
  0
LINE
  5
11B7
330
1D
100
AcDbEntity
  8
0
100
AcDbLine
 10
347.4677904280567
 20
109.278056850737
 30
0.0
 11
334.4677904280567
 21
109.278056850737
 31
0.0
  0
LINE
  5
11B8
330
1D
100
AcDbEntity
  8
0
100
AcDbLine
 10
347.9677904280567
 20
95.778056850737
 30
0.0
 11
347.9677904280567
 21
108.778056850737
 31
0.0
  0
LINE
  5
11B9
330
1D
100
AcDbEntity
  8
0
100
AcDbLine
 10
333.9677904280567
 20
108.778056850737
 30
0.0
 11
333.9677904280567
 21
95.778056850737
 31
0.0
  0
ARC
  5
11BA
330
1D
100
AcDbEntity
  8
0
100
AcDbCircle
 10
353.5177904280567
 20
95.778056850737
 30
0.0
 40
0.5
100
AcDbArc
 50
180.0
 51
270.0
  0
ARC
  5
11BB
330
1D
100
AcDbEntity
  8
0
100
AcDbCircle
 10
366.5177904280567
 20
95.778056850737
 30
0.0
 40
0.5
100
AcDbArc
 50
270.0
 51
0.0
  0
ARC
  5
11BC
330
1D
100
AcDbEntity
  8
0
100
AcDbCircle
 10
366.5177904280567
 20
108.778056850737
 30
0.0
 40
0.5
100
AcDbArc
 50
0.0
 51
90.0
  0
ARC
  5
11BD
330
1D
100
AcDbEntity
  8
0
100
AcDbCircle
 10
353.5177904280567
 20
108.778056850737
 30
0.0
 40
0.5
100
AcDbArc
 50
90.0
 51
180.0
  0
LINE
  5
11BE
330
1D
100
AcDbEntity
  8
0
100
AcDbLine
 10
353.5177904280567
 20
95.278056850737
 30
0.0
 11
366.5177904280567
 21
95.278056850737
 31
0.0
  0
LINE
  5
11BF
330
1D
100
AcDbEntity
  8
0
100
AcDbLine
 10
366.5177904280567
 20
109.278056850737
 30
0.0
 11
353.5177904280567
 21
109.278056850737
 31
0.0
  0
LINE
  5
11C0
330
1D
100
AcDbEntity
  8
0
100
AcDbLine
 10
367.0177904280567
 20
95.778056850737
 30
0.0
 11
367.0177904280567
 21
108.778056850737
 31
0.0
  0
LINE
  5
11C1
330
1D
100
AcDbEntity
  8
0
100
AcDbLine
 10
353.0177904280567
 20
108.778056850737
 30
0.0
 11
353.0177904280567
 21
95.778056850737
 31
0.0
  0
ARC
  5
11C2
330
1D
100
AcDbEntity
  8
0
100
AcDbCircle
 10
29.66779042805673
 20
76.728056850737
 30
0.0
 40
0.5
100
AcDbArc
 50
180.0
 51
270.0
  0
ARC
  5
11C3
330
1D
100
AcDbEntity
  8
0
100
AcDbCircle
 10
42.66779042805673
 20
76.728056850737
 30
0.0
 40
0.5
100
AcDbArc
 50
270.0
 51
0.0
  0
ARC
  5
11C4
330
1D
100
AcDbEntity
  8
0
100
AcDbCircle
 10
42.66779042805673
 20
89.72805685073702
 30
0.0
 40
0.5
100
AcDbArc
 50
0.0
 51
90.0
  0
ARC
  5
11C5
330
1D
100
AcDbEntity
  8
0
100
AcDbCircle
 10
29.66779042805673
 20
89.72805685073702
 30
0.0
 40
0.5
100
AcDbArc
 50
90.0
 51
180.0
  0
LINE
  5
11C6
330
1D
100
AcDbEntity
  8
0
100
AcDbLine
 10
29.66779042805673
 20
76.228056850737
 30
0.0
 11
42.66779042805673
 21
76.228056850737
 31
0.0
  0
LINE
  5
11C7
330
1D
100
AcDbEntity
  8
0
100
AcDbLine
 10
42.66779042805673
 20
90.22805685073702
 30
0.0
 11
29.66779042805673
 21
90.22805685073702
 31
0.0
  0
LINE
  5
11C8
330
1D
100
AcDbEntity
  8
0
100
AcDbLine
 10
43.16779042805673
 20
76.728056850737
 30
0.0
 11
43.16779042805673
 21
89.72805685073702
 31
0.0
  0
LINE
  5
11C9
330
1D
100
AcDbEntity
  8
0
100
AcDbLine
 10
29.16779042805673
 20
89.72805685073702
 30
0.0
 11
29.16779042805673
 21
76.728056850737
 31
0.0
  0
ARC
  5
11CA
330
1D
100
AcDbEntity
  8
0
100
AcDbCircle
 10
53.48029042805673
 20
76.728056850737
 30
0.0
 40
0.5
100
AcDbArc
 50
180.0
 51
270.0
  0
ARC
  5
11CB
330
1D
100
AcDbEntity
  8
0
100
AcDbCircle
 10
66.48029042805672
 20
76.728056850737
 30
0.0
 40
0.5
100
AcDbArc
 50
270.0
 51
0.0
  0
ARC
  5
11CC
330
1D
100
AcDbEntity
  8
0
100
AcDbCircle
 10
66.48029042805672
 20
89.72805685073702
 30
0.0
 40
0.5
100
AcDbArc
 50
0.0
 51
90.0
  0
ARC
  5
11CD
330
1D
100
AcDbEntity
  8
0
100
AcDbCircle
 10
53.48029042805673
 20
89.72805685073702
 30
0.0
 40
0.5
100
AcDbArc
 50
90.0
 51
180.0
  0
LINE
  5
11CE
330
1D
100
AcDbEntity
  8
0
100
AcDbLine
 10
53.48029042805673
 20
76.228056850737
 30
0.0
 11
66.48029042805672
 21
76.228056850737
 31
0.0
  0
LINE
  5
11CF
330
1D
100
AcDbEntity
  8
0
100
AcDbLine
 10
66.48029042805672
 20
90.22805685073702
 30
0.0
 11
53.48029042805673
 21
90.22805685073702
 31
0.0
  0
LINE
  5
11D0
330
1D
100
AcDbEntity
  8
0
100
AcDbLine
 10
66.98029042805672
 20
76.728056850737
 30
0.0
 11
66.98029042805672
 21
89.72805685073702
 31
0.0
  0
LINE
  5
11D1
330
1D
100
AcDbEntity
  8
0
100
AcDbLine
 10
52.98029042805673
 20
89.72805685073702
 30
0.0
 11
52.98029042805673
 21
76.728056850737
 31
0.0
  0
ARC
  5
11D2
330
1D
100
AcDbEntity
  8
0
100
AcDbCircle
 10
72.53029042805673
 20
76.728056850737
 30
0.0
 40
0.5
100
AcDbArc
 50
180.0
 51
270.0
  0
ARC
  5
11D3
330
1D
100
AcDbEntity
  8
0
100
AcDbCircle
 10
85.53029042805673
 20
76.728056850737
 30
0.0
 40
0.5
100
AcDbArc
 50
270.0
 51
0.0
  0
ARC
  5
11D4
330
1D
100
AcDbEntity
  8
0
100
AcDbCircle
 10
85.53029042805673
 20
89.72805685073702
 30
0.0
 40
0.5
100
AcDbArc
 50
0.0
 51
90.0
  0
ARC
  5
11D5
330
1D
100
AcDbEntity
  8
0
100
AcDbCircle
 10
72.53029042805673
 20
89.72805685073702
 30
0.0
 40
0.5
100
AcDbArc
 50
90.0
 51
180.0
  0
LINE
  5
11D6
330
1D
100
AcDbEntity
  8
0
100
AcDbLine
 10
72.53029042805673
 20
76.228056850737
 30
0.0
 11
85.53029042805673
 21
76.228056850737
 31
0.0
  0
LINE
  5
11D7
330
1D
100
AcDbEntity
  8
0
100
AcDbLine
 10
85.53029042805673
 20
90.22805685073702
 30
0.0
 11
72.53029042805673
 21
90.22805685073702
 31
0.0
  0
LINE
  5
11D8
330
1D
100
AcDbEntity
  8
0
100
AcDbLine
 10
86.03029042805673
 20
76.728056850737
 30
0.0
 11
86.03029042805673
 21
89.72805685073702
 31
0.0
  0
LINE
  5
11D9
330
1D
100
AcDbEntity
  8
0
100
AcDbLine
 10
72.03029042805673
 20
89.72805685073702
 30
0.0
 11
72.03029042805673
 21
76.728056850737
 31
0.0
  0
ARC
  5
11DA
330
1D
100
AcDbEntity
  8
0
100
AcDbCircle
 10
91.58029042805673
 20
76.728056850737
 30
0.0
 40
0.5
100
AcDbArc
 50
180.0
 51
270.0
  0
ARC
  5
11DB
330
1D
100
AcDbEntity
  8
0
100
AcDbCircle
 10
104.5802904280567
 20
76.728056850737
 30
0.0
 40
0.5
100
AcDbArc
 50
270.0
 51
0.0
  0
ARC
  5
11DC
330
1D
100
AcDbEntity
  8
0
100
AcDbCircle
 10
104.5802904280567
 20
89.72805685073702
 30
0.0
 40
0.5
100
AcDbArc
 50
0.0
 51
90.0
  0
ARC
  5
11DD
330
1D
100
AcDbEntity
  8
0
100
AcDbCircle
 10
91.58029042805673
 20
89.72805685073702
 30
0.0
 40
0.5
100
AcDbArc
 50
90.0
 51
180.0
  0
LINE
  5
11DE
330
1D
100
AcDbEntity
  8
0
100
AcDbLine
 10
91.58029042805673
 20
76.228056850737
 30
0.0
 11
104.5802904280567
 21
76.228056850737
 31
0.0
  0
LINE
  5
11DF
330
1D
100
AcDbEntity
  8
0
100
AcDbLine
 10
104.5802904280567
 20
90.22805685073702
 30
0.0
 11
91.58029042805673
 21
90.22805685073702
 31
0.0
  0
LINE
  5
11E0
330
1D
100
AcDbEntity
  8
0
100
AcDbLine
 10
105.0802904280567
 20
76.728056850737
 30
0.0
 11
105.0802904280567
 21
89.72805685073702
 31
0.0
  0
LINE
  5
11E1
330
1D
100
AcDbEntity
  8
0
100
AcDbLine
 10
91.08029042805673
 20
89.72805685073702
 30
0.0
 11
91.08029042805673
 21
76.728056850737
 31
0.0
  0
ARC
  5
11E2
330
1D
100
AcDbEntity
  8
0
100
AcDbCircle
 10
110.6302904280567
 20
76.728056850737
 30
0.0
 40
0.5
100
AcDbArc
 50
180.0
 51
270.0
  0
ARC
  5
11E3
330
1D
100
AcDbEntity
  8
0
100
AcDbCircle
 10
123.6302904280567
 20
76.728056850737
 30
0.0
 40
0.5
100
AcDbArc
 50
270.0
 51
0.0
  0
ARC
  5
11E4
330
1D
100
AcDbEntity
  8
0
100
AcDbCircle
 10
123.6302904280567
 20
89.72805685073702
 30
0.0
 40
0.5
100
AcDbArc
 50
0.0
 51
90.0
  0
ARC
  5
11E5
330
1D
100
AcDbEntity
  8
0
100
AcDbCircle
 10
110.6302904280567
 20
89.72805685073702
 30
0.0
 40
0.5
100
AcDbArc
 50
90.0
 51
180.0
  0
LINE
  5
11E6
330
1D
100
AcDbEntity
  8
0
100
AcDbLine
 10
110.6302904280567
 20
76.228056850737
 30
0.0
 11
123.6302904280567
 21
76.228056850737
 31
0.0
  0
LINE
  5
11E7
330
1D
100
AcDbEntity
  8
0
100
AcDbLine
 10
123.6302904280567
 20
90.22805685073702
 30
0.0
 11
110.6302904280567
 21
90.22805685073702
 31
0.0
  0
LINE
  5
11E8
330
1D
100
AcDbEntity
  8
0
100
AcDbLine
 10
124.1302904280567
 20
76.728056850737
 30
0.0
 11
124.1302904280567
 21
89.72805685073702
 31
0.0
  0
LINE
  5
11E9
330
1D
100
AcDbEntity
  8
0
100
AcDbLine
 10
110.1302904280567
 20
89.72805685073702
 30
0.0
 11
110.1302904280567
 21
76.728056850737
 31
0.0
  0
ARC
  5
11EA
330
1D
100
AcDbEntity
  8
0
100
AcDbCircle
 10
129.6802904280567
 20
76.728056850737
 30
0.0
 40
0.5
100
AcDbArc
 50
180.0
 51
270.0
  0
ARC
  5
11EB
330
1D
100
AcDbEntity
  8
0
100
AcDbCircle
 10
142.6802904280567
 20
76.728056850737
 30
0.0
 40
0.5
100
AcDbArc
 50
270.0
 51
0.0
  0
ARC
  5
11EC
330
1D
100
AcDbEntity
  8
0
100
AcDbCircle
 10
142.6802904280567
 20
89.72805685073702
 30
0.0
 40
0.5
100
AcDbArc
 50
0.0
 51
90.0
  0
ARC
  5
11ED
330
1D
100
AcDbEntity
  8
0
100
AcDbCircle
 10
129.6802904280567
 20
89.72805685073702
 30
0.0
 40
0.5
100
AcDbArc
 50
90.0
 51
180.0
  0
LINE
  5
11EE
330
1D
100
AcDbEntity
  8
0
100
AcDbLine
 10
129.6802904280567
 20
76.228056850737
 30
0.0
 11
142.6802904280567
 21
76.228056850737
 31
0.0
  0
LINE
  5
11EF
330
1D
100
AcDbEntity
  8
0
100
AcDbLine
 10
142.6802904280567
 20
90.22805685073702
 30
0.0
 11
129.6802904280567
 21
90.22805685073702
 31
0.0
  0
LINE
  5
11F0
330
1D
100
AcDbEntity
  8
0
100
AcDbLine
 10
143.1802904280567
 20
76.728056850737
 30
0.0
 11
143.1802904280567
 21
89.72805685073702
 31
0.0
  0
LINE
  5
11F1
330
1D
100
AcDbEntity
  8
0
100
AcDbLine
 10
129.1802904280567
 20
89.72805685073702
 30
0.0
 11
129.1802904280567
 21
76.728056850737
 31
0.0
  0
ARC
  5
11F2
330
1D
100
AcDbEntity
  8
0
100
AcDbCircle
 10
148.7302904280567
 20
76.728056850737
 30
0.0
 40
0.5
100
AcDbArc
 50
180.0
 51
270.0
  0
ARC
  5
11F3
330
1D
100
AcDbEntity
  8
0
100
AcDbCircle
 10
161.7302904280567
 20
76.728056850737
 30
0.0
 40
0.5
100
AcDbArc
 50
270.0
 51
0.0
  0
ARC
  5
11F4
330
1D
100
AcDbEntity
  8
0
100
AcDbCircle
 10
161.7302904280567
 20
89.72805685073702
 30
0.0
 40
0.5
100
AcDbArc
 50
0.0
 51
90.0
  0
ARC
  5
11F5
330
1D
100
AcDbEntity
  8
0
100
AcDbCircle
 10
148.7302904280567
 20
89.72805685073702
 30
0.0
 40
0.5
100
AcDbArc
 50
90.0
 51
180.0
  0
LINE
  5
11F6
330
1D
100
AcDbEntity
  8
0
100
AcDbLine
 10
148.7302904280567
 20
76.228056850737
 30
0.0
 11
161.7302904280567
 21
76.228056850737
 31
0.0
  0
LINE
  5
11F7
330
1D
100
AcDbEntity
  8
0
100
AcDbLine
 10
161.7302904280567
 20
90.22805685073702
 30
0.0
 11
148.7302904280567
 21
90.22805685073702
 31
0.0
  0
LINE
  5
11F8
330
1D
100
AcDbEntity
  8
0
100
AcDbLine
 10
162.2302904280567
 20
76.728056850737
 30
0.0
 11
162.2302904280567
 21
89.72805685073702
 31
0.0
  0
LINE
  5
11F9
330
1D
100
AcDbEntity
  8
0
100
AcDbLine
 10
148.2302904280567
 20
89.72805685073702
 30
0.0
 11
148.2302904280567
 21
76.728056850737
 31
0.0
  0
ARC
  5
11FA
330
1D
100
AcDbEntity
  8
0
100
AcDbCircle
 10
167.7802904280567
 20
76.728056850737
 30
0.0
 40
0.5
100
AcDbArc
 50
180.0
 51
270.0
  0
ARC
  5
11FB
330
1D
100
AcDbEntity
  8
0
100
AcDbCircle
 10
180.7802904280567
 20
76.728056850737
 30
0.0
 40
0.5
100
AcDbArc
 50
270.0
 51
0.0
  0
ARC
  5
11FC
330
1D
100
AcDbEntity
  8
0
100
AcDbCircle
 10
180.7802904280567
 20
89.72805685073702
 30
0.0
 40
0.5
100
AcDbArc
 50
0.0
 51
90.0
  0
ARC
  5
11FD
330
1D
100
AcDbEntity
  8
0
100
AcDbCircle
 10
167.7802904280567
 20
89.72805685073702
 30
0.0
 40
0.5
100
AcDbArc
 50
90.0
 51
180.0
  0
LINE
  5
11FE
330
1D
100
AcDbEntity
  8
0
100
AcDbLine
 10
167.7802904280567
 20
76.228056850737
 30
0.0
 11
180.7802904280567
 21
76.228056850737
 31
0.0
  0
LINE
  5
11FF
330
1D
100
AcDbEntity
  8
0
100
AcDbLine
 10
180.7802904280567
 20
90.22805685073702
 30
0.0
 11
167.7802904280567
 21
90.22805685073702
 31
0.0
  0
LINE
  5
1200
330
1D
100
AcDbEntity
  8
0
100
AcDbLine
 10
181.2802904280567
 20
76.728056850737
 30
0.0
 11
181.2802904280567
 21
89.72805685073702
 31
0.0
  0
LINE
  5
1201
330
1D
100
AcDbEntity
  8
0
100
AcDbLine
 10
167.2802904280567
 20
89.72805685073702
 30
0.0
 11
167.2802904280567
 21
76.728056850737
 31
0.0
  0
ARC
  5
1202
330
1D
100
AcDbEntity
  8
0
100
AcDbCircle
 10
186.8302904280567
 20
76.728056850737
 30
0.0
 40
0.5
100
AcDbArc
 50
180.0
 51
270.0
  0
ARC
  5
1203
330
1D
100
AcDbEntity
  8
0
100
AcDbCircle
 10
199.8302904280567
 20
76.728056850737
 30
0.0
 40
0.5
100
AcDbArc
 50
270.0
 51
0.0
  0
ARC
  5
1204
330
1D
100
AcDbEntity
  8
0
100
AcDbCircle
 10
199.8302904280567
 20
89.72805685073702
 30
0.0
 40
0.5
100
AcDbArc
 50
0.0
 51
90.0
  0
ARC
  5
1205
330
1D
100
AcDbEntity
  8
0
100
AcDbCircle
 10
186.8302904280567
 20
89.72805685073702
 30
0.0
 40
0.5
100
AcDbArc
 50
90.0
 51
180.0
  0
LINE
  5
1206
330
1D
100
AcDbEntity
  8
0
100
AcDbLine
 10
186.8302904280567
 20
76.228056850737
 30
0.0
 11
199.8302904280567
 21
76.228056850737
 31
0.0
  0
LINE
  5
1207
330
1D
100
AcDbEntity
  8
0
100
AcDbLine
 10
199.8302904280567
 20
90.22805685073702
 30
0.0
 11
186.8302904280567
 21
90.22805685073702
 31
0.0
  0
LINE
  5
1208
330
1D
100
AcDbEntity
  8
0
100
AcDbLine
 10
200.3302904280567
 20
76.728056850737
 30
0.0
 11
200.3302904280567
 21
89.72805685073702
 31
0.0
  0
LINE
  5
1209
330
1D
100
AcDbEntity
  8
0
100
AcDbLine
 10
186.3302904280567
 20
89.72805685073702
 30
0.0
 11
186.3302904280567
 21
76.728056850737
 31
0.0
  0
ARC
  5
120A
330
1D
100
AcDbEntity
  8
0
100
AcDbCircle
 10
205.8802904280567
 20
76.728056850737
 30
0.0
 40
0.5
100
AcDbArc
 50
180.0
 51
270.0
  0
ARC
  5
120B
330
1D
100
AcDbEntity
  8
0
100
AcDbCircle
 10
218.8802904280567
 20
76.728056850737
 30
0.0
 40
0.5
100
AcDbArc
 50
270.0
 51
0.0
  0
ARC
  5
120C
330
1D
100
AcDbEntity
  8
0
100
AcDbCircle
 10
218.8802904280567
 20
89.72805685073702
 30
0.0
 40
0.5
100
AcDbArc
 50
0.0
 51
90.0
  0
ARC
  5
120D
330
1D
100
AcDbEntity
  8
0
100
AcDbCircle
 10
205.8802904280567
 20
89.72805685073702
 30
0.0
 40
0.5
100
AcDbArc
 50
90.0
 51
180.0
  0
LINE
  5
120E
330
1D
100
AcDbEntity
  8
0
100
AcDbLine
 10
205.8802904280567
 20
76.228056850737
 30
0.0
 11
218.8802904280567
 21
76.228056850737
 31
0.0
  0
LINE
  5
120F
330
1D
100
AcDbEntity
  8
0
100
AcDbLine
 10
218.8802904280567
 20
90.22805685073702
 30
0.0
 11
205.8802904280567
 21
90.22805685073702
 31
0.0
  0
LINE
  5
1210
330
1D
100
AcDbEntity
  8
0
100
AcDbLine
 10
219.3802904280567
 20
76.728056850737
 30
0.0
 11
219.3802904280567
 21
89.72805685073702
 31
0.0
  0
LINE
  5
1211
330
1D
100
AcDbEntity
  8
0
100
AcDbLine
 10
205.3802904280567
 20
89.72805685073702
 30
0.0
 11
205.3802904280567
 21
76.728056850737
 31
0.0
  0
ARC
  5
1212
330
1D
100
AcDbEntity
  8
0
100
AcDbCircle
 10
224.9302904280567
 20
76.728056850737
 30
0.0
 40
0.5
100
AcDbArc
 50
180.0
 51
270.0
  0
ARC
  5
1213
330
1D
100
AcDbEntity
  8
0
100
AcDbCircle
 10
237.9302904280567
 20
76.728056850737
 30
0.0
 40
0.5
100
AcDbArc
 50
270.0
 51
0.0
  0
ARC
  5
1214
330
1D
100
AcDbEntity
  8
0
100
AcDbCircle
 10
237.9302904280567
 20
89.72805685073702
 30
0.0
 40
0.5
100
AcDbArc
 50
0.0
 51
90.0
  0
ARC
  5
1215
330
1D
100
AcDbEntity
  8
0
100
AcDbCircle
 10
224.9302904280567
 20
89.72805685073702
 30
0.0
 40
0.5
100
AcDbArc
 50
90.0
 51
180.0
  0
LINE
  5
1216
330
1D
100
AcDbEntity
  8
0
100
AcDbLine
 10
224.9302904280567
 20
76.228056850737
 30
0.0
 11
237.9302904280567
 21
76.228056850737
 31
0.0
  0
LINE
  5
1217
330
1D
100
AcDbEntity
  8
0
100
AcDbLine
 10
237.9302904280567
 20
90.22805685073702
 30
0.0
 11
224.9302904280567
 21
90.22805685073702
 31
0.0
  0
LINE
  5
1218
330
1D
100
AcDbEntity
  8
0
100
AcDbLine
 10
238.4302904280567
 20
76.728056850737
 30
0.0
 11
238.4302904280567
 21
89.72805685073702
 31
0.0
  0
LINE
  5
1219
330
1D
100
AcDbEntity
  8
0
100
AcDbLine
 10
224.4302904280567
 20
89.72805685073702
 30
0.0
 11
224.4302904280567
 21
76.728056850737
 31
0.0
  0
ARC
  5
121A
330
1D
100
AcDbEntity
  8
0
100
AcDbCircle
 10
243.9802904280567
 20
76.728056850737
 30
0.0
 40
0.5
100
AcDbArc
 50
180.0
 51
270.0
  0
ARC
  5
121B
330
1D
100
AcDbEntity
  8
0
100
AcDbCircle
 10
256.9802904280567
 20
76.728056850737
 30
0.0
 40
0.5
100
AcDbArc
 50
270.0
 51
0.0
  0
ARC
  5
121C
330
1D
100
AcDbEntity
  8
0
100
AcDbCircle
 10
256.9802904280567
 20
89.72805685073702
 30
0.0
 40
0.5
100
AcDbArc
 50
0.0
 51
90.0
  0
ARC
  5
121D
330
1D
100
AcDbEntity
  8
0
100
AcDbCircle
 10
243.9802904280567
 20
89.72805685073702
 30
0.0
 40
0.5
100
AcDbArc
 50
90.0
 51
180.0
  0
LINE
  5
121E
330
1D
100
AcDbEntity
  8
0
100
AcDbLine
 10
243.9802904280567
 20
76.228056850737
 30
0.0
 11
256.9802904280567
 21
76.228056850737
 31
0.0
  0
LINE
  5
121F
330
1D
100
AcDbEntity
  8
0
100
AcDbLine
 10
256.9802904280567
 20
90.22805685073702
 30
0.0
 11
243.9802904280567
 21
90.22805685073702
 31
0.0
  0
LINE
  5
1220
330
1D
100
AcDbEntity
  8
0
100
AcDbLine
 10
257.4802904280567
 20
76.728056850737
 30
0.0
 11
257.4802904280567
 21
89.72805685073702
 31
0.0
  0
LINE
  5
1221
330
1D
100
AcDbEntity
  8
0
100
AcDbLine
 10
243.4802904280567
 20
89.72805685073702
 30
0.0
 11
243.4802904280567
 21
76.728056850737
 31
0.0
  0
ARC
  5
1222
330
1D
100
AcDbEntity
  8
0
100
AcDbCircle
 10
263.0302904280567
 20
76.728056850737
 30
0.0
 40
0.5
100
AcDbArc
 50
180.0
 51
270.0
  0
ARC
  5
1223
330
1D
100
AcDbEntity
  8
0
100
AcDbCircle
 10
276.0302904280567
 20
76.728056850737
 30
0.0
 40
0.5
100
AcDbArc
 50
270.0
 51
0.0
  0
ARC
  5
1224
330
1D
100
AcDbEntity
  8
0
100
AcDbCircle
 10
276.0302904280567
 20
89.72805685073702
 30
0.0
 40
0.5
100
AcDbArc
 50
0.0
 51
90.0
  0
ARC
  5
1225
330
1D
100
AcDbEntity
  8
0
100
AcDbCircle
 10
263.0302904280567
 20
89.72805685073702
 30
0.0
 40
0.5
100
AcDbArc
 50
90.0
 51
180.0
  0
LINE
  5
1226
330
1D
100
AcDbEntity
  8
0
100
AcDbLine
 10
263.0302904280567
 20
76.228056850737
 30
0.0
 11
276.0302904280567
 21
76.228056850737
 31
0.0
  0
LINE
  5
1227
330
1D
100
AcDbEntity
  8
0
100
AcDbLine
 10
276.0302904280567
 20
90.22805685073702
 30
0.0
 11
263.0302904280567
 21
90.22805685073702
 31
0.0
  0
LINE
  5
1228
330
1D
100
AcDbEntity
  8
0
100
AcDbLine
 10
276.5302904280567
 20
76.728056850737
 30
0.0
 11
276.5302904280567
 21
89.72805685073702
 31
0.0
  0
LINE
  5
1229
330
1D
100
AcDbEntity
  8
0
100
AcDbLine
 10
262.5302904280567
 20
89.72805685073702
 30
0.0
 11
262.5302904280567
 21
76.728056850737
 31
0.0
  0
ARC
  5
122A
330
1D
100
AcDbEntity
  8
0
100
AcDbCircle
 10
289.2240404280567
 20
67.20305685073701
 30
0.0
 40
0.5
100
AcDbArc
 50
180.0
 51
270.0
  0
ARC
  5
122B
330
1D
100
AcDbEntity
  8
0
100
AcDbCircle
 10
302.2240404280567
 20
67.20305685073701
 30
0.0
 40
0.5
100
AcDbArc
 50
270.0
 51
0.0
  0
ARC
  5
122C
330
1D
100
AcDbEntity
  8
0
100
AcDbCircle
 10
302.2240404280567
 20
80.20305685073701
 30
0.0
 40
0.5
100
AcDbArc
 50
0.0
 51
90.0
  0
ARC
  5
122D
330
1D
100
AcDbEntity
  8
0
100
AcDbCircle
 10
289.2240404280567
 20
80.20305685073701
 30
0.0
 40
0.5
100
AcDbArc
 50
90.0
 51
180.0
  0
LINE
  5
122E
330
1D
100
AcDbEntity
  8
0
100
AcDbLine
 10
302.7240404280567
 20
67.20305685073701
 30
0.0
 11
302.7240404280567
 21
80.20305685073701
 31
0.0
  0
LINE
  5
122F
330
1D
100
AcDbEntity
  8
0
100
AcDbLine
 10
288.7240404280567
 20
80.20305685073701
 30
0.0
 11
288.7240404280567
 21
67.20305685073701
 31
0.0
  0
ARC
  5
1230
330
1D
100
AcDbEntity
  8
0
100
AcDbCircle
 10
315.4177904280567
 20
76.728056850737
 30
0.0
 40
0.5
100
AcDbArc
 50
180.0
 51
270.0
  0
ARC
  5
1231
330
1D
100
AcDbEntity
  8
0
100
AcDbCircle
 10
328.4177904280567
 20
76.728056850737
 30
0.0
 40
0.5
100
AcDbArc
 50
270.0
 51
0.0
  0
ARC
  5
1232
330
1D
100
AcDbEntity
  8
0
100
AcDbCircle
 10
328.4177904280567
 20
89.72805685073702
 30
0.0
 40
0.5
100
AcDbArc
 50
0.0
 51
90.0
  0
ARC
  5
1233
330
1D
100
AcDbEntity
  8
0
100
AcDbCircle
 10
315.4177904280567
 20
89.72805685073702
 30
0.0
 40
0.5
100
AcDbArc
 50
90.0
 51
180.0
  0
LINE
  5
1234
330
1D
100
AcDbEntity
  8
0
100
AcDbLine
 10
315.4177904280567
 20
76.228056850737
 30
0.0
 11
328.4177904280567
 21
76.228056850737
 31
0.0
  0
LINE
  5
1235
330
1D
100
AcDbEntity
  8
0
100
AcDbLine
 10
328.4177904280567
 20
90.22805685073702
 30
0.0
 11
315.4177904280567
 21
90.22805685073702
 31
0.0
  0
LINE
  5
1236
330
1D
100
AcDbEntity
  8
0
100
AcDbLine
 10
328.9177904280567
 20
76.728056850737
 30
0.0
 11
328.9177904280567
 21
89.72805685073702
 31
0.0
  0
LINE
  5
1237
330
1D
100
AcDbEntity
  8
0
100
AcDbLine
 10
314.9177904280567
 20
89.72805685073702
 30
0.0
 11
314.9177904280567
 21
76.728056850737
 31
0.0
  0
ARC
  5
1238
330
1D
100
AcDbEntity
  8
0
100
AcDbCircle
 10
334.4677904280567
 20
76.728056850737
 30
0.0
 40
0.5
100
AcDbArc
 50
180.0
 51
270.0
  0
ARC
  5
1239
330
1D
100
AcDbEntity
  8
0
100
AcDbCircle
 10
347.4677904280567
 20
76.728056850737
 30
0.0
 40
0.5
100
AcDbArc
 50
270.0
 51
0.0
  0
ARC
  5
123A
330
1D
100
AcDbEntity
  8
0
100
AcDbCircle
 10
347.4677904280567
 20
89.72805685073702
 30
0.0
 40
0.5
100
AcDbArc
 50
0.0
 51
90.0
  0
ARC
  5
123B
330
1D
100
AcDbEntity
  8
0
100
AcDbCircle
 10
334.4677904280567
 20
89.72805685073702
 30
0.0
 40
0.5
100
AcDbArc
 50
90.0
 51
180.0
  0
LINE
  5
123C
330
1D
100
AcDbEntity
  8
0
100
AcDbLine
 10
334.4677904280567
 20
76.228056850737
 30
0.0
 11
347.4677904280567
 21
76.228056850737
 31
0.0
  0
LINE
  5
123D
330
1D
100
AcDbEntity
  8
0
100
AcDbLine
 10
347.4677904280567
 20
90.22805685073702
 30
0.0
 11
334.4677904280567
 21
90.22805685073702
 31
0.0
  0
LINE
  5
123E
330
1D
100
AcDbEntity
  8
0
100
AcDbLine
 10
347.9677904280567
 20
76.728056850737
 30
0.0
 11
347.9677904280567
 21
89.72805685073702
 31
0.0
  0
LINE
  5
123F
330
1D
100
AcDbEntity
  8
0
100
AcDbLine
 10
333.9677904280567
 20
89.72805685073702
 30
0.0
 11
333.9677904280567
 21
76.728056850737
 31
0.0
  0
ARC
  5
1240
330
1D
100
AcDbEntity
  8
0
100
AcDbCircle
 10
353.5177904280567
 20
76.728056850737
 30
0.0
 40
0.5
100
AcDbArc
 50
180.0
 51
270.0
  0
ARC
  5
1241
330
1D
100
AcDbEntity
  8
0
100
AcDbCircle
 10
366.5177904280567
 20
76.728056850737
 30
0.0
 40
0.5
100
AcDbArc
 50
270.0
 51
0.0
  0
ARC
  5
1242
330
1D
100
AcDbEntity
  8
0
100
AcDbCircle
 10
366.5177904280567
 20
89.72805685073702
 30
0.0
 40
0.5
100
AcDbArc
 50
0.0
 51
90.0
  0
ARC
  5
1243
330
1D
100
AcDbEntity
  8
0
100
AcDbCircle
 10
353.5177904280567
 20
89.72805685073702
 30
0.0
 40
0.5
100
AcDbArc
 50
90.0
 51
180.0
  0
LINE
  5
1244
330
1D
100
AcDbEntity
  8
0
100
AcDbLine
 10
353.5177904280567
 20
76.228056850737
 30
0.0
 11
366.5177904280567
 21
76.228056850737
 31
0.0
  0
LINE
  5
1245
330
1D
100
AcDbEntity
  8
0
100
AcDbLine
 10
366.5177904280567
 20
90.22805685073702
 30
0.0
 11
353.5177904280567
 21
90.22805685073702
 31
0.0
  0
LINE
  5
1246
330
1D
100
AcDbEntity
  8
0
100
AcDbLine
 10
367.0177904280567
 20
76.728056850737
 30
0.0
 11
367.0177904280567
 21
89.72805685073702
 31
0.0
  0
LINE
  5
1247
330
1D
100
AcDbEntity
  8
0
100
AcDbLine
 10
353.0177904280567
 20
89.72805685073702
 30
0.0
 11
353.0177904280567
 21
76.728056850737
 31
0.0
  0
ARC
  5
1248
330
1D
100
AcDbEntity
  8
0
100
AcDbCircle
 10
32.04904042805673
 20
57.67805685073701
 30
0.0
 40
0.5
100
AcDbArc
 50
180.0
 51
270.0
  0
ARC
  5
1249
330
1D
100
AcDbEntity
  8
0
100
AcDbCircle
 10
45.04904042805673
 20
57.67805685073701
 30
0.0
 40
0.5
100
AcDbArc
 50
270.0
 51
0.0
  0
ARC
  5
124A
330
1D
100
AcDbEntity
  8
0
100
AcDbCircle
 10
45.04904042805673
 20
70.67805685073701
 30
0.0
 40
0.5
100
AcDbArc
 50
0.0
 51
90.0
  0
ARC
  5
124B
330
1D
100
AcDbEntity
  8
0
100
AcDbCircle
 10
32.04904042805673
 20
70.67805685073701
 30
0.0
 40
0.5
100
AcDbArc
 50
90.0
 51
180.0
  0
LINE
  5
124C
330
1D
100
AcDbEntity
  8
0
100
AcDbLine
 10
32.04904042805673
 20
57.17805685073701
 30
0.0
 11
45.04904042805673
 21
57.17805685073701
 31
0.0
  0
LINE
  5
124D
330
1D
100
AcDbEntity
  8
0
100
AcDbLine
 10
45.04904042805673
 20
71.17805685073701
 30
0.0
 11
32.04904042805673
 21
71.17805685073701
 31
0.0
  0
LINE
  5
124E
330
1D
100
AcDbEntity
  8
0
100
AcDbLine
 10
45.54904042805673
 20
57.67805685073701
 30
0.0
 11
45.54904042805673
 21
70.67805685073701
 31
0.0
  0
LINE
  5
124F
330
1D
100
AcDbEntity
  8
0
100
AcDbLine
 10
31.54904042805672
 20
70.67805685073701
 30
0.0
 11
31.54904042805672
 21
57.67805685073701
 31
0.0
  0
ARC
  5
1250
330
1D
100
AcDbEntity
  8
0
100
AcDbCircle
 10
58.24279042805672
 20
57.67805685073701
 30
0.0
 40
0.5
100
AcDbArc
 50
180.0
 51
270.0
  0
ARC
  5
1251
330
1D
100
AcDbEntity
  8
0
100
AcDbCircle
 10
71.24279042805672
 20
57.67805685073701
 30
0.0
 40
0.5
100
AcDbArc
 50
270.0
 51
0.0
  0
ARC
  5
1252
330
1D
100
AcDbEntity
  8
0
100
AcDbCircle
 10
71.24279042805672
 20
70.67805685073701
 30
0.0
 40
0.5
100
AcDbArc
 50
0.0
 51
90.0
  0
ARC
  5
1253
330
1D
100
AcDbEntity
  8
0
100
AcDbCircle
 10
58.24279042805672
 20
70.67805685073701
 30
0.0
 40
0.5
100
AcDbArc
 50
90.0
 51
180.0
  0
LINE
  5
1254
330
1D
100
AcDbEntity
  8
0
100
AcDbLine
 10
58.24279042805672
 20
57.17805685073701
 30
0.0
 11
71.24279042805672
 21
57.17805685073701
 31
0.0
  0
LINE
  5
1255
330
1D
100
AcDbEntity
  8
0
100
AcDbLine
 10
71.24279042805672
 20
71.17805685073701
 30
0.0
 11
58.24279042805672
 21
71.17805685073701
 31
0.0
  0
LINE
  5
1256
330
1D
100
AcDbEntity
  8
0
100
AcDbLine
 10
71.74279042805672
 20
57.67805685073701
 30
0.0
 11
71.74279042805672
 21
70.67805685073701
 31
0.0
  0
LINE
  5
1257
330
1D
100
AcDbEntity
  8
0
100
AcDbLine
 10
57.74279042805672
 20
70.67805685073701
 30
0.0
 11
57.74279042805672
 21
57.67805685073701
 31
0.0
  0
ARC
  5
1258
330
1D
100
AcDbEntity
  8
0
100
AcDbCircle
 10
77.29279042805672
 20
57.67805685073701
 30
0.0
 40
0.5
100
AcDbArc
 50
180.0
 51
270.0
  0
ARC
  5
1259
330
1D
100
AcDbEntity
  8
0
100
AcDbCircle
 10
90.29279042805672
 20
57.67805685073701
 30
0.0
 40
0.5
100
AcDbArc
 50
270.0
 51
0.0
  0
ARC
  5
125A
330
1D
100
AcDbEntity
  8
0
100
AcDbCircle
 10
90.29279042805672
 20
70.67805685073701
 30
0.0
 40
0.5
100
AcDbArc
 50
0.0
 51
90.0
  0
ARC
  5
125B
330
1D
100
AcDbEntity
  8
0
100
AcDbCircle
 10
77.29279042805672
 20
70.67805685073701
 30
0.0
 40
0.5
100
AcDbArc
 50
90.0
 51
180.0
  0
LINE
  5
125C
330
1D
100
AcDbEntity
  8
0
100
AcDbLine
 10
77.29279042805672
 20
57.17805685073701
 30
0.0
 11
90.29279042805672
 21
57.17805685073701
 31
0.0
  0
LINE
  5
125D
330
1D
100
AcDbEntity
  8
0
100
AcDbLine
 10
90.29279042805672
 20
71.17805685073701
 30
0.0
 11
77.29279042805672
 21
71.17805685073701
 31
0.0
  0
LINE
  5
125E
330
1D
100
AcDbEntity
  8
0
100
AcDbLine
 10
90.79279042805672
 20
57.67805685073701
 30
0.0
 11
90.79279042805672
 21
70.67805685073701
 31
0.0
  0
LINE
  5
125F
330
1D
100
AcDbEntity
  8
0
100
AcDbLine
 10
76.79279042805672
 20
70.67805685073701
 30
0.0
 11
76.79279042805672
 21
57.67805685073701
 31
0.0
  0
ARC
  5
1260
330
1D
100
AcDbEntity
  8
0
100
AcDbCircle
 10
96.34279042805673
 20
57.67805685073701
 30
0.0
 40
0.5
100
AcDbArc
 50
180.0
 51
270.0
  0
ARC
  5
1261
330
1D
100
AcDbEntity
  8
0
100
AcDbCircle
 10
109.3427904280567
 20
57.67805685073701
 30
0.0
 40
0.5
100
AcDbArc
 50
270.0
 51
0.0
  0
ARC
  5
1262
330
1D
100
AcDbEntity
  8
0
100
AcDbCircle
 10
109.3427904280567
 20
70.67805685073701
 30
0.0
 40
0.5
100
AcDbArc
 50
0.0
 51
90.0
  0
ARC
  5
1263
330
1D
100
AcDbEntity
  8
0
100
AcDbCircle
 10
96.34279042805673
 20
70.67805685073701
 30
0.0
 40
0.5
100
AcDbArc
 50
90.0
 51
180.0
  0
LINE
  5
1264
330
1D
100
AcDbEntity
  8
0
100
AcDbLine
 10
96.34279042805673
 20
57.17805685073701
 30
0.0
 11
109.3427904280567
 21
57.17805685073701
 31
0.0
  0
LINE
  5
1265
330
1D
100
AcDbEntity
  8
0
100
AcDbLine
 10
109.3427904280567
 20
71.17805685073701
 30
0.0
 11
96.34279042805673
 21
71.17805685073701
 31
0.0
  0
LINE
  5
1266
330
1D
100
AcDbEntity
  8
0
100
AcDbLine
 10
109.8427904280567
 20
57.67805685073701
 30
0.0
 11
109.8427904280567
 21
70.67805685073701
 31
0.0
  0
LINE
  5
1267
330
1D
100
AcDbEntity
  8
0
100
AcDbLine
 10
95.84279042805673
 20
70.67805685073701
 30
0.0
 11
95.84279042805673
 21
57.67805685073701
 31
0.0
  0
ARC
  5
1268
330
1D
100
AcDbEntity
  8
0
100
AcDbCircle
 10
115.3927904280567
 20
57.67805685073701
 30
0.0
 40
0.5
100
AcDbArc
 50
180.0
 51
270.0
  0
ARC
  5
1269
330
1D
100
AcDbEntity
  8
0
100
AcDbCircle
 10
128.3927904280567
 20
57.67805685073701
 30
0.0
 40
0.5
100
AcDbArc
 50
270.0
 51
0.0
  0
ARC
  5
126A
330
1D
100
AcDbEntity
  8
0
100
AcDbCircle
 10
128.3927904280567
 20
70.67805685073701
 30
0.0
 40
0.5
100
AcDbArc
 50
0.0
 51
90.0
  0
ARC
  5
126B
330
1D
100
AcDbEntity
  8
0
100
AcDbCircle
 10
115.3927904280567
 20
70.67805685073701
 30
0.0
 40
0.5
100
AcDbArc
 50
90.0
 51
180.0
  0
LINE
  5
126C
330
1D
100
AcDbEntity
  8
0
100
AcDbLine
 10
115.3927904280567
 20
57.17805685073701
 30
0.0
 11
128.3927904280567
 21
57.17805685073701
 31
0.0
  0
LINE
  5
126D
330
1D
100
AcDbEntity
  8
0
100
AcDbLine
 10
128.3927904280567
 20
71.17805685073701
 30
0.0
 11
115.3927904280567
 21
71.17805685073701
 31
0.0
  0
LINE
  5
126E
330
1D
100
AcDbEntity
  8
0
100
AcDbLine
 10
128.8927904280567
 20
57.67805685073701
 30
0.0
 11
128.8927904280567
 21
70.67805685073701
 31
0.0
  0
LINE
  5
126F
330
1D
100
AcDbEntity
  8
0
100
AcDbLine
 10
114.8927904280567
 20
70.67805685073701
 30
0.0
 11
114.8927904280567
 21
57.67805685073701
 31
0.0
  0
ARC
  5
1270
330
1D
100
AcDbEntity
  8
0
100
AcDbCircle
 10
134.4427904280567
 20
57.67805685073701
 30
0.0
 40
0.5
100
AcDbArc
 50
180.0
 51
270.0
  0
ARC
  5
1271
330
1D
100
AcDbEntity
  8
0
100
AcDbCircle
 10
147.4427904280567
 20
57.67805685073701
 30
0.0
 40
0.5
100
AcDbArc
 50
270.0
 51
0.0
  0
ARC
  5
1272
330
1D
100
AcDbEntity
  8
0
100
AcDbCircle
 10
147.4427904280567
 20
70.67805685073701
 30
0.0
 40
0.5
100
AcDbArc
 50
0.0
 51
90.0
  0
ARC
  5
1273
330
1D
100
AcDbEntity
  8
0
100
AcDbCircle
 10
134.4427904280567
 20
70.67805685073701
 30
0.0
 40
0.5
100
AcDbArc
 50
90.0
 51
180.0
  0
LINE
  5
1274
330
1D
100
AcDbEntity
  8
0
100
AcDbLine
 10
134.4427904280567
 20
57.17805685073701
 30
0.0
 11
147.4427904280567
 21
57.17805685073701
 31
0.0
  0
LINE
  5
1275
330
1D
100
AcDbEntity
  8
0
100
AcDbLine
 10
147.4427904280567
 20
71.17805685073701
 30
0.0
 11
134.4427904280567
 21
71.17805685073701
 31
0.0
  0
LINE
  5
1276
330
1D
100
AcDbEntity
  8
0
100
AcDbLine
 10
147.9427904280567
 20
57.67805685073701
 30
0.0
 11
147.9427904280567
 21
70.67805685073701
 31
0.0
  0
LINE
  5
1277
330
1D
100
AcDbEntity
  8
0
100
AcDbLine
 10
133.9427904280567
 20
70.67805685073701
 30
0.0
 11
133.9427904280567
 21
57.67805685073701
 31
0.0
  0
ARC
  5
1278
330
1D
100
AcDbEntity
  8
0
100
AcDbCircle
 10
153.4927904280567
 20
57.67805685073701
 30
0.0
 40
0.5
100
AcDbArc
 50
180.0
 51
270.0
  0
ARC
  5
1279
330
1D
100
AcDbEntity
  8
0
100
AcDbCircle
 10
166.4927904280567
 20
57.67805685073701
 30
0.0
 40
0.5
100
AcDbArc
 50
270.0
 51
0.0
  0
ARC
  5
127A
330
1D
100
AcDbEntity
  8
0
100
AcDbCircle
 10
166.4927904280567
 20
70.67805685073701
 30
0.0
 40
0.5
100
AcDbArc
 50
0.0
 51
90.0
  0
ARC
  5
127B
330
1D
100
AcDbEntity
  8
0
100
AcDbCircle
 10
153.4927904280567
 20
70.67805685073701
 30
0.0
 40
0.5
100
AcDbArc
 50
90.0
 51
180.0
  0
LINE
  5
127C
330
1D
100
AcDbEntity
  8
0
100
AcDbLine
 10
153.4927904280567
 20
57.17805685073701
 30
0.0
 11
166.4927904280567
 21
57.17805685073701
 31
0.0
  0
LINE
  5
127D
330
1D
100
AcDbEntity
  8
0
100
AcDbLine
 10
166.4927904280567
 20
71.17805685073701
 30
0.0
 11
153.4927904280567
 21
71.17805685073701
 31
0.0
  0
LINE
  5
127E
330
1D
100
AcDbEntity
  8
0
100
AcDbLine
 10
166.9927904280567
 20
57.67805685073701
 30
0.0
 11
166.9927904280567
 21
70.67805685073701
 31
0.0
  0
LINE
  5
127F
330
1D
100
AcDbEntity
  8
0
100
AcDbLine
 10
152.9927904280567
 20
70.67805685073701
 30
0.0
 11
152.9927904280567
 21
57.67805685073701
 31
0.0
  0
ARC
  5
1280
330
1D
100
AcDbEntity
  8
0
100
AcDbCircle
 10
172.5427904280567
 20
57.67805685073701
 30
0.0
 40
0.5
100
AcDbArc
 50
180.0
 51
270.0
  0
ARC
  5
1281
330
1D
100
AcDbEntity
  8
0
100
AcDbCircle
 10
185.5427904280567
 20
57.67805685073701
 30
0.0
 40
0.5
100
AcDbArc
 50
270.0
 51
0.0
  0
ARC
  5
1282
330
1D
100
AcDbEntity
  8
0
100
AcDbCircle
 10
185.5427904280567
 20
70.67805685073701
 30
0.0
 40
0.5
100
AcDbArc
 50
0.0
 51
90.0
  0
ARC
  5
1283
330
1D
100
AcDbEntity
  8
0
100
AcDbCircle
 10
172.5427904280567
 20
70.67805685073701
 30
0.0
 40
0.5
100
AcDbArc
 50
90.0
 51
180.0
  0
LINE
  5
1284
330
1D
100
AcDbEntity
  8
0
100
AcDbLine
 10
172.5427904280567
 20
57.17805685073701
 30
0.0
 11
185.5427904280567
 21
57.17805685073701
 31
0.0
  0
LINE
  5
1285
330
1D
100
AcDbEntity
  8
0
100
AcDbLine
 10
185.5427904280567
 20
71.17805685073701
 30
0.0
 11
172.5427904280567
 21
71.17805685073701
 31
0.0
  0
LINE
  5
1286
330
1D
100
AcDbEntity
  8
0
100
AcDbLine
 10
186.0427904280567
 20
57.67805685073701
 30
0.0
 11
186.0427904280567
 21
70.67805685073701
 31
0.0
  0
LINE
  5
1287
330
1D
100
AcDbEntity
  8
0
100
AcDbLine
 10
172.0427904280567
 20
70.67805685073701
 30
0.0
 11
172.0427904280567
 21
57.67805685073701
 31
0.0
  0
ARC
  5
1288
330
1D
100
AcDbEntity
  8
0
100
AcDbCircle
 10
191.5927904280567
 20
57.67805685073701
 30
0.0
 40
0.5
100
AcDbArc
 50
180.0
 51
270.0
  0
ARC
  5
1289
330
1D
100
AcDbEntity
  8
0
100
AcDbCircle
 10
204.5927904280567
 20
57.67805685073701
 30
0.0
 40
0.5
100
AcDbArc
 50
270.0
 51
0.0
  0
ARC
  5
128A
330
1D
100
AcDbEntity
  8
0
100
AcDbCircle
 10
204.5927904280567
 20
70.67805685073701
 30
0.0
 40
0.5
100
AcDbArc
 50
0.0
 51
90.0
  0
ARC
  5
128B
330
1D
100
AcDbEntity
  8
0
100
AcDbCircle
 10
191.5927904280567
 20
70.67805685073701
 30
0.0
 40
0.5
100
AcDbArc
 50
90.0
 51
180.0
  0
LINE
  5
128C
330
1D
100
AcDbEntity
  8
0
100
AcDbLine
 10
191.5927904280567
 20
57.17805685073701
 30
0.0
 11
204.5927904280567
 21
57.17805685073701
 31
0.0
  0
LINE
  5
128D
330
1D
100
AcDbEntity
  8
0
100
AcDbLine
 10
204.5927904280567
 20
71.17805685073701
 30
0.0
 11
191.5927904280567
 21
71.17805685073701
 31
0.0
  0
LINE
  5
128E
330
1D
100
AcDbEntity
  8
0
100
AcDbLine
 10
205.0927904280567
 20
57.67805685073701
 30
0.0
 11
205.0927904280567
 21
70.67805685073701
 31
0.0
  0
LINE
  5
128F
330
1D
100
AcDbEntity
  8
0
100
AcDbLine
 10
191.0927904280567
 20
70.67805685073701
 30
0.0
 11
191.0927904280567
 21
57.67805685073701
 31
0.0
  0
ARC
  5
1290
330
1D
100
AcDbEntity
  8
0
100
AcDbCircle
 10
210.6427904280567
 20
57.67805685073701
 30
0.0
 40
0.5
100
AcDbArc
 50
180.0
 51
270.0
  0
ARC
  5
1291
330
1D
100
AcDbEntity
  8
0
100
AcDbCircle
 10
223.6427904280567
 20
57.67805685073701
 30
0.0
 40
0.5
100
AcDbArc
 50
270.0
 51
0.0
  0
ARC
  5
1292
330
1D
100
AcDbEntity
  8
0
100
AcDbCircle
 10
223.6427904280567
 20
70.67805685073701
 30
0.0
 40
0.5
100
AcDbArc
 50
0.0
 51
90.0
  0
ARC
  5
1293
330
1D
100
AcDbEntity
  8
0
100
AcDbCircle
 10
210.6427904280567
 20
70.67805685073701
 30
0.0
 40
0.5
100
AcDbArc
 50
90.0
 51
180.0
  0
LINE
  5
1294
330
1D
100
AcDbEntity
  8
0
100
AcDbLine
 10
210.6427904280567
 20
57.17805685073701
 30
0.0
 11
223.6427904280567
 21
57.17805685073701
 31
0.0
  0
LINE
  5
1295
330
1D
100
AcDbEntity
  8
0
100
AcDbLine
 10
223.6427904280567
 20
71.17805685073701
 30
0.0
 11
210.6427904280567
 21
71.17805685073701
 31
0.0
  0
LINE
  5
1296
330
1D
100
AcDbEntity
  8
0
100
AcDbLine
 10
224.1427904280567
 20
57.67805685073701
 30
0.0
 11
224.1427904280567
 21
70.67805685073701
 31
0.0
  0
LINE
  5
1297
330
1D
100
AcDbEntity
  8
0
100
AcDbLine
 10
210.1427904280567
 20
70.67805685073701
 30
0.0
 11
210.1427904280567
 21
57.67805685073701
 31
0.0
  0
ARC
  5
1298
330
1D
100
AcDbEntity
  8
0
100
AcDbCircle
 10
229.6927904280567
 20
57.67805685073701
 30
0.0
 40
0.5
100
AcDbArc
 50
180.0
 51
270.0
  0
ARC
  5
1299
330
1D
100
AcDbEntity
  8
0
100
AcDbCircle
 10
242.6927904280567
 20
57.67805685073701
 30
0.0
 40
0.5
100
AcDbArc
 50
270.0
 51
0.0
  0
ARC
  5
129A
330
1D
100
AcDbEntity
  8
0
100
AcDbCircle
 10
242.6927904280567
 20
70.67805685073701
 30
0.0
 40
0.5
100
AcDbArc
 50
0.0
 51
90.0
  0
ARC
  5
129B
330
1D
100
AcDbEntity
  8
0
100
AcDbCircle
 10
229.6927904280567
 20
70.67805685073701
 30
0.0
 40
0.5
100
AcDbArc
 50
90.0
 51
180.0
  0
LINE
  5
129C
330
1D
100
AcDbEntity
  8
0
100
AcDbLine
 10
229.6927904280567
 20
57.17805685073701
 30
0.0
 11
242.6927904280567
 21
57.17805685073701
 31
0.0
  0
LINE
  5
129D
330
1D
100
AcDbEntity
  8
0
100
AcDbLine
 10
242.6927904280567
 20
71.17805685073701
 30
0.0
 11
229.6927904280567
 21
71.17805685073701
 31
0.0
  0
LINE
  5
129E
330
1D
100
AcDbEntity
  8
0
100
AcDbLine
 10
243.1927904280567
 20
57.67805685073701
 30
0.0
 11
243.1927904280567
 21
70.67805685073701
 31
0.0
  0
LINE
  5
129F
330
1D
100
AcDbEntity
  8
0
100
AcDbLine
 10
229.1927904280567
 20
70.67805685073701
 30
0.0
 11
229.1927904280567
 21
57.67805685073701
 31
0.0
  0
ARC
  5
12A0
330
1D
100
AcDbEntity
  8
0
100
AcDbCircle
 10
248.7427904280567
 20
57.67805685073701
 30
0.0
 40
0.5
100
AcDbArc
 50
180.0
 51
270.0
  0
ARC
  5
12A1
330
1D
100
AcDbEntity
  8
0
100
AcDbCircle
 10
261.7427904280568
 20
57.67805685073701
 30
0.0
 40
0.5
100
AcDbArc
 50
270.0
 51
0.0
  0
ARC
  5
12A2
330
1D
100
AcDbEntity
  8
0
100
AcDbCircle
 10
261.7427904280568
 20
70.67805685073701
 30
0.0
 40
0.5
100
AcDbArc
 50
0.0
 51
90.0
  0
ARC
  5
12A3
330
1D
100
AcDbEntity
  8
0
100
AcDbCircle
 10
248.7427904280567
 20
70.67805685073701
 30
0.0
 40
0.5
100
AcDbArc
 50
90.0
 51
180.0
  0
LINE
  5
12A4
330
1D
100
AcDbEntity
  8
0
100
AcDbLine
 10
248.7427904280567
 20
57.17805685073701
 30
0.0
 11
261.7427904280568
 21
57.17805685073701
 31
0.0
  0
LINE
  5
12A5
330
1D
100
AcDbEntity
  8
0
100
AcDbLine
 10
261.7427904280568
 20
71.17805685073701
 30
0.0
 11
248.7427904280567
 21
71.17805685073701
 31
0.0
  0
LINE
  5
12A6
330
1D
100
AcDbEntity
  8
0
100
AcDbLine
 10
262.2427904280568
 20
57.67805685073701
 30
0.0
 11
262.2427904280568
 21
70.67805685073701
 31
0.0
  0
LINE
  5
12A7
330
1D
100
AcDbEntity
  8
0
100
AcDbLine
 10
248.2427904280567
 20
70.67805685073701
 30
0.0
 11
248.2427904280567
 21
57.67805685073701
 31
0.0
  0
ARC
  5
12A8
330
1D
100
AcDbEntity
  8
0
100
AcDbCircle
 10
267.7927904280567
 20
57.67805685073701
 30
0.0
 40
0.5
100
AcDbArc
 50
180.0
 51
270.0
  0
ARC
  5
12A9
330
1D
100
AcDbEntity
  8
0
100
AcDbCircle
 10
280.7927904280567
 20
57.67805685073701
 30
0.0
 40
0.5
100
AcDbArc
 50
270.0
 51
0.0
  0
ARC
  5
12AA
330
1D
100
AcDbEntity
  8
0
100
AcDbCircle
 10
280.7927904280567
 20
70.67805685073701
 30
0.0
 40
0.5
100
AcDbArc
 50
0.0
 51
90.0
  0
ARC
  5
12AB
330
1D
100
AcDbEntity
  8
0
100
AcDbCircle
 10
267.7927904280567
 20
70.67805685073701
 30
0.0
 40
0.5
100
AcDbArc
 50
90.0
 51
180.0
  0
LINE
  5
12AC
330
1D
100
AcDbEntity
  8
0
100
AcDbLine
 10
267.7927904280567
 20
57.17805685073701
 30
0.0
 11
280.7927904280567
 21
57.17805685073701
 31
0.0
  0
LINE
  5
12AD
330
1D
100
AcDbEntity
  8
0
100
AcDbLine
 10
280.7927904280567
 20
71.17805685073701
 30
0.0
 11
267.7927904280567
 21
71.17805685073701
 31
0.0
  0
LINE
  5
12AE
330
1D
100
AcDbEntity
  8
0
100
AcDbLine
 10
281.2927904280567
 20
57.67805685073701
 30
0.0
 11
281.2927904280567
 21
70.67805685073701
 31
0.0
  0
LINE
  5
12AF
330
1D
100
AcDbEntity
  8
0
100
AcDbLine
 10
267.2927904280567
 20
70.67805685073701
 30
0.0
 11
267.2927904280567
 21
57.67805685073701
 31
0.0
  0
ARC
  5
12B0
330
1D
100
AcDbEntity
  8
0
100
AcDbCircle
 10
27.28654042805672
 20
38.62805685073701
 30
0.0
 40
0.5
100
AcDbArc
 50
180.0
 51
270.0
  0
ARC
  5
12B1
330
1D
100
AcDbEntity
  8
0
100
AcDbCircle
 10
40.28654042805672
 20
38.62805685073701
 30
0.0
 40
0.5
100
AcDbArc
 50
270.0
 51
0.0
  0
ARC
  5
12B2
330
1D
100
AcDbEntity
  8
0
100
AcDbCircle
 10
40.28654042805672
 20
51.62805685073701
 30
0.0
 40
0.5
100
AcDbArc
 50
0.0
 51
90.0
  0
ARC
  5
12B3
330
1D
100
AcDbEntity
  8
0
100
AcDbCircle
 10
27.28654042805672
 20
51.62805685073701
 30
0.0
 40
0.5
100
AcDbArc
 50
90.0
 51
180.0
  0
LINE
  5
12B4
330
1D
100
AcDbEntity
  8
0
100
AcDbLine
 10
27.28654042805672
 20
38.12805685073701
 30
0.0
 11
40.28654042805672
 21
38.12805685073701
 31
0.0
  0
LINE
  5
12B5
330
1D
100
AcDbEntity
  8
0
100
AcDbLine
 10
40.28654042805672
 20
52.12805685073701
 30
0.0
 11
27.28654042805672
 21
52.12805685073701
 31
0.0
  0
LINE
  5
12B6
330
1D
100
AcDbEntity
  8
0
100
AcDbLine
 10
40.78654042805672
 20
38.62805685073701
 30
0.0
 11
40.78654042805672
 21
51.62805685073701
 31
0.0
  0
LINE
  5
12B7
330
1D
100
AcDbEntity
  8
0
100
AcDbLine
 10
26.78654042805672
 20
51.62805685073701
 30
0.0
 11
26.78654042805672
 21
38.62805685073701
 31
0.0
  0
ARC
  5
12B8
330
1D
100
AcDbEntity
  8
0
100
AcDbCircle
 10
48.71779042805672
 20
38.62805685073701
 30
0.0
 40
0.5
100
AcDbArc
 50
180.0
 51
270.0
  0
ARC
  5
12B9
330
1D
100
AcDbEntity
  8
0
100
AcDbCircle
 10
61.71779042805672
 20
38.62805685073701
 30
0.0
 40
0.5
100
AcDbArc
 50
270.0
 51
0.0
  0
ARC
  5
12BA
330
1D
100
AcDbEntity
  8
0
100
AcDbCircle
 10
61.71779042805672
 20
51.62805685073701
 30
0.0
 40
0.5
100
AcDbArc
 50
0.0
 51
90.0
  0
ARC
  5
12BB
330
1D
100
AcDbEntity
  8
0
100
AcDbCircle
 10
48.71779042805672
 20
51.62805685073701
 30
0.0
 40
0.5
100
AcDbArc
 50
90.0
 51
180.0
  0
LINE
  5
12BC
330
1D
100
AcDbEntity
  8
0
100
AcDbLine
 10
48.71779042805672
 20
38.12805685073701
 30
0.0
 11
61.71779042805672
 21
38.12805685073701
 31
0.0
  0
LINE
  5
12BD
330
1D
100
AcDbEntity
  8
0
100
AcDbLine
 10
61.71779042805672
 20
52.12805685073701
 30
0.0
 11
48.71779042805672
 21
52.12805685073701
 31
0.0
  0
LINE
  5
12BE
330
1D
100
AcDbEntity
  8
0
100
AcDbLine
 10
62.21779042805672
 20
38.62805685073701
 30
0.0
 11
62.21779042805672
 21
51.62805685073701
 31
0.0
  0
LINE
  5
12BF
330
1D
100
AcDbEntity
  8
0
100
AcDbLine
 10
48.21779042805672
 20
51.62805685073701
 30
0.0
 11
48.21779042805672
 21
38.62805685073701
 31
0.0
  0
ARC
  5
12C0
330
1D
100
AcDbEntity
  8
0
100
AcDbCircle
 10
67.76779042805673
 20
38.62805685073701
 30
0.0
 40
0.5
100
AcDbArc
 50
180.0
 51
270.0
  0
ARC
  5
12C1
330
1D
100
AcDbEntity
  8
0
100
AcDbCircle
 10
80.76779042805673
 20
38.62805685073701
 30
0.0
 40
0.5
100
AcDbArc
 50
270.0
 51
0.0
  0
ARC
  5
12C2
330
1D
100
AcDbEntity
  8
0
100
AcDbCircle
 10
80.76779042805673
 20
51.62805685073701
 30
0.0
 40
0.5
100
AcDbArc
 50
0.0
 51
90.0
  0
ARC
  5
12C3
330
1D
100
AcDbEntity
  8
0
100
AcDbCircle
 10
67.76779042805673
 20
51.62805685073701
 30
0.0
 40
0.5
100
AcDbArc
 50
90.0
 51
180.0
  0
LINE
  5
12C4
330
1D
100
AcDbEntity
  8
0
100
AcDbLine
 10
67.76779042805673
 20
38.12805685073701
 30
0.0
 11
80.76779042805673
 21
38.12805685073701
 31
0.0
  0
LINE
  5
12C5
330
1D
100
AcDbEntity
  8
0
100
AcDbLine
 10
80.76779042805673
 20
52.12805685073701
 30
0.0
 11
67.76779042805673
 21
52.12805685073701
 31
0.0
  0
LINE
  5
12C6
330
1D
100
AcDbEntity
  8
0
100
AcDbLine
 10
81.26779042805673
 20
38.62805685073701
 30
0.0
 11
81.26779042805673
 21
51.62805685073701
 31
0.0
  0
LINE
  5
12C7
330
1D
100
AcDbEntity
  8
0
100
AcDbLine
 10
67.26779042805673
 20
51.62805685073701
 30
0.0
 11
67.26779042805673
 21
38.62805685073701
 31
0.0
  0
ARC
  5
12C8
330
1D
100
AcDbEntity
  8
0
100
AcDbCircle
 10
86.81779042805672
 20
38.62805685073701
 30
0.0
 40
0.5
100
AcDbArc
 50
180.0
 51
270.0
  0
ARC
  5
12C9
330
1D
100
AcDbEntity
  8
0
100
AcDbCircle
 10
99.81779042805672
 20
38.62805685073701
 30
0.0
 40
0.5
100
AcDbArc
 50
270.0
 51
0.0
  0
ARC
  5
12CA
330
1D
100
AcDbEntity
  8
0
100
AcDbCircle
 10
99.81779042805672
 20
51.62805685073701
 30
0.0
 40
0.5
100
AcDbArc
 50
0.0
 51
90.0
  0
ARC
  5
12CB
330
1D
100
AcDbEntity
  8
0
100
AcDbCircle
 10
86.81779042805672
 20
51.62805685073701
 30
0.0
 40
0.5
100
AcDbArc
 50
90.0
 51
180.0
  0
LINE
  5
12CC
330
1D
100
AcDbEntity
  8
0
100
AcDbLine
 10
86.81779042805672
 20
38.12805685073701
 30
0.0
 11
99.81779042805672
 21
38.12805685073701
 31
0.0
  0
LINE
  5
12CD
330
1D
100
AcDbEntity
  8
0
100
AcDbLine
 10
99.81779042805672
 20
52.12805685073701
 30
0.0
 11
86.81779042805672
 21
52.12805685073701
 31
0.0
  0
LINE
  5
12CE
330
1D
100
AcDbEntity
  8
0
100
AcDbLine
 10
100.3177904280567
 20
38.62805685073701
 30
0.0
 11
100.3177904280567
 21
51.62805685073701
 31
0.0
  0
LINE
  5
12CF
330
1D
100
AcDbEntity
  8
0
100
AcDbLine
 10
86.31779042805672
 20
51.62805685073701
 30
0.0
 11
86.31779042805672
 21
38.62805685073701
 31
0.0
  0
ARC
  5
12D0
330
1D
100
AcDbEntity
  8
0
100
AcDbCircle
 10
105.8677904280567
 20
38.62805685073701
 30
0.0
 40
0.5
100
AcDbArc
 50
180.0
 51
270.0
  0
ARC
  5
12D1
330
1D
100
AcDbEntity
  8
0
100
AcDbCircle
 10
118.8677904280567
 20
38.62805685073701
 30
0.0
 40
0.5
100
AcDbArc
 50
270.0
 51
0.0
  0
ARC
  5
12D2
330
1D
100
AcDbEntity
  8
0
100
AcDbCircle
 10
118.8677904280567
 20
51.62805685073701
 30
0.0
 40
0.5
100
AcDbArc
 50
0.0
 51
90.0
  0
ARC
  5
12D3
330
1D
100
AcDbEntity
  8
0
100
AcDbCircle
 10
105.8677904280567
 20
51.62805685073701
 30
0.0
 40
0.5
100
AcDbArc
 50
90.0
 51
180.0
  0
LINE
  5
12D4
330
1D
100
AcDbEntity
  8
0
100
AcDbLine
 10
105.8677904280567
 20
38.12805685073701
 30
0.0
 11
118.8677904280567
 21
38.12805685073701
 31
0.0
  0
LINE
  5
12D5
330
1D
100
AcDbEntity
  8
0
100
AcDbLine
 10
118.8677904280567
 20
52.12805685073701
 30
0.0
 11
105.8677904280567
 21
52.12805685073701
 31
0.0
  0
LINE
  5
12D6
330
1D
100
AcDbEntity
  8
0
100
AcDbLine
 10
119.3677904280567
 20
38.62805685073701
 30
0.0
 11
119.3677904280567
 21
51.62805685073701
 31
0.0
  0
LINE
  5
12D7
330
1D
100
AcDbEntity
  8
0
100
AcDbLine
 10
105.3677904280567
 20
51.62805685073701
 30
0.0
 11
105.3677904280567
 21
38.62805685073701
 31
0.0
  0
ARC
  5
12D8
330
1D
100
AcDbEntity
  8
0
100
AcDbCircle
 10
124.9177904280567
 20
38.62805685073701
 30
0.0
 40
0.5
100
AcDbArc
 50
180.0
 51
270.0
  0
ARC
  5
12D9
330
1D
100
AcDbEntity
  8
0
100
AcDbCircle
 10
137.9177904280567
 20
38.62805685073701
 30
0.0
 40
0.5
100
AcDbArc
 50
270.0
 51
0.0
  0
ARC
  5
12DA
330
1D
100
AcDbEntity
  8
0
100
AcDbCircle
 10
137.9177904280567
 20
51.62805685073701
 30
0.0
 40
0.5
100
AcDbArc
 50
0.0
 51
90.0
  0
ARC
  5
12DB
330
1D
100
AcDbEntity
  8
0
100
AcDbCircle
 10
124.9177904280567
 20
51.62805685073701
 30
0.0
 40
0.5
100
AcDbArc
 50
90.0
 51
180.0
  0
LINE
  5
12DC
330
1D
100
AcDbEntity
  8
0
100
AcDbLine
 10
124.9177904280567
 20
38.12805685073701
 30
0.0
 11
137.9177904280567
 21
38.12805685073701
 31
0.0
  0
LINE
  5
12DD
330
1D
100
AcDbEntity
  8
0
100
AcDbLine
 10
137.9177904280567
 20
52.12805685073701
 30
0.0
 11
124.9177904280567
 21
52.12805685073701
 31
0.0
  0
LINE
  5
12DE
330
1D
100
AcDbEntity
  8
0
100
AcDbLine
 10
138.4177904280567
 20
38.62805685073701
 30
0.0
 11
138.4177904280567
 21
51.62805685073701
 31
0.0
  0
LINE
  5
12DF
330
1D
100
AcDbEntity
  8
0
100
AcDbLine
 10
124.4177904280567
 20
51.62805685073701
 30
0.0
 11
124.4177904280567
 21
38.62805685073701
 31
0.0
  0
ARC
  5
12E0
330
1D
100
AcDbEntity
  8
0
100
AcDbCircle
 10
143.9677904280567
 20
38.62805685073701
 30
0.0
 40
0.5
100
AcDbArc
 50
180.0
 51
270.0
  0
ARC
  5
12E1
330
1D
100
AcDbEntity
  8
0
100
AcDbCircle
 10
156.9677904280567
 20
38.62805685073701
 30
0.0
 40
0.5
100
AcDbArc
 50
270.0
 51
0.0
  0
ARC
  5
12E2
330
1D
100
AcDbEntity
  8
0
100
AcDbCircle
 10
156.9677904280567
 20
51.62805685073701
 30
0.0
 40
0.5
100
AcDbArc
 50
0.0
 51
90.0
  0
ARC
  5
12E3
330
1D
100
AcDbEntity
  8
0
100
AcDbCircle
 10
143.9677904280567
 20
51.62805685073701
 30
0.0
 40
0.5
100
AcDbArc
 50
90.0
 51
180.0
  0
LINE
  5
12E4
330
1D
100
AcDbEntity
  8
0
100
AcDbLine
 10
143.9677904280567
 20
38.12805685073701
 30
0.0
 11
156.9677904280567
 21
38.12805685073701
 31
0.0
  0
LINE
  5
12E5
330
1D
100
AcDbEntity
  8
0
100
AcDbLine
 10
156.9677904280567
 20
52.12805685073701
 30
0.0
 11
143.9677904280567
 21
52.12805685073701
 31
0.0
  0
LINE
  5
12E6
330
1D
100
AcDbEntity
  8
0
100
AcDbLine
 10
157.4677904280567
 20
38.62805685073701
 30
0.0
 11
157.4677904280567
 21
51.62805685073701
 31
0.0
  0
LINE
  5
12E7
330
1D
100
AcDbEntity
  8
0
100
AcDbLine
 10
143.4677904280567
 20
51.62805685073701
 30
0.0
 11
143.4677904280567
 21
38.62805685073701
 31
0.0
  0
ARC
  5
12E8
330
1D
100
AcDbEntity
  8
0
100
AcDbCircle
 10
163.0177904280567
 20
38.62805685073701
 30
0.0
 40
0.5
100
AcDbArc
 50
180.0
 51
270.0
  0
ARC
  5
12E9
330
1D
100
AcDbEntity
  8
0
100
AcDbCircle
 10
176.0177904280567
 20
38.62805685073701
 30
0.0
 40
0.5
100
AcDbArc
 50
270.0
 51
0.0
  0
ARC
  5
12EA
330
1D
100
AcDbEntity
  8
0
100
AcDbCircle
 10
176.0177904280567
 20
51.62805685073701
 30
0.0
 40
0.5
100
AcDbArc
 50
0.0
 51
90.0
  0
ARC
  5
12EB
330
1D
100
AcDbEntity
  8
0
100
AcDbCircle
 10
163.0177904280567
 20
51.62805685073701
 30
0.0
 40
0.5
100
AcDbArc
 50
90.0
 51
180.0
  0
LINE
  5
12EC
330
1D
100
AcDbEntity
  8
0
100
AcDbLine
 10
163.0177904280567
 20
38.12805685073701
 30
0.0
 11
176.0177904280567
 21
38.12805685073701
 31
0.0
  0
LINE
  5
12ED
330
1D
100
AcDbEntity
  8
0
100
AcDbLine
 10
176.0177904280567
 20
52.12805685073701
 30
0.0
 11
163.0177904280567
 21
52.12805685073701
 31
0.0
  0
LINE
  5
12EE
330
1D
100
AcDbEntity
  8
0
100
AcDbLine
 10
176.5177904280567
 20
38.62805685073701
 30
0.0
 11
176.5177904280567
 21
51.62805685073701
 31
0.0
  0
LINE
  5
12EF
330
1D
100
AcDbEntity
  8
0
100
AcDbLine
 10
162.5177904280567
 20
51.62805685073701
 30
0.0
 11
162.5177904280567
 21
38.62805685073701
 31
0.0
  0
ARC
  5
12F0
330
1D
100
AcDbEntity
  8
0
100
AcDbCircle
 10
182.0677904280567
 20
38.62805685073701
 30
0.0
 40
0.5
100
AcDbArc
 50
180.0
 51
270.0
  0
ARC
  5
12F1
330
1D
100
AcDbEntity
  8
0
100
AcDbCircle
 10
195.0677904280567
 20
38.62805685073701
 30
0.0
 40
0.5
100
AcDbArc
 50
270.0
 51
0.0
  0
ARC
  5
12F2
330
1D
100
AcDbEntity
  8
0
100
AcDbCircle
 10
195.0677904280567
 20
51.62805685073701
 30
0.0
 40
0.5
100
AcDbArc
 50
0.0
 51
90.0
  0
ARC
  5
12F3
330
1D
100
AcDbEntity
  8
0
100
AcDbCircle
 10
182.0677904280567
 20
51.62805685073701
 30
0.0
 40
0.5
100
AcDbArc
 50
90.0
 51
180.0
  0
LINE
  5
12F4
330
1D
100
AcDbEntity
  8
0
100
AcDbLine
 10
182.0677904280567
 20
38.12805685073701
 30
0.0
 11
195.0677904280567
 21
38.12805685073701
 31
0.0
  0
LINE
  5
12F5
330
1D
100
AcDbEntity
  8
0
100
AcDbLine
 10
195.0677904280567
 20
52.12805685073701
 30
0.0
 11
182.0677904280567
 21
52.12805685073701
 31
0.0
  0
LINE
  5
12F6
330
1D
100
AcDbEntity
  8
0
100
AcDbLine
 10
195.5677904280567
 20
38.62805685073701
 30
0.0
 11
195.5677904280567
 21
51.62805685073701
 31
0.0
  0
LINE
  5
12F7
330
1D
100
AcDbEntity
  8
0
100
AcDbLine
 10
181.5677904280567
 20
51.62805685073701
 30
0.0
 11
181.5677904280567
 21
38.62805685073701
 31
0.0
  0
ARC
  5
12F8
330
1D
100
AcDbEntity
  8
0
100
AcDbCircle
 10
201.1177904280567
 20
38.62805685073701
 30
0.0
 40
0.5
100
AcDbArc
 50
180.0
 51
270.0
  0
ARC
  5
12F9
330
1D
100
AcDbEntity
  8
0
100
AcDbCircle
 10
214.1177904280567
 20
38.62805685073701
 30
0.0
 40
0.5
100
AcDbArc
 50
270.0
 51
0.0
  0
ARC
  5
12FA
330
1D
100
AcDbEntity
  8
0
100
AcDbCircle
 10
214.1177904280567
 20
51.62805685073701
 30
0.0
 40
0.5
100
AcDbArc
 50
0.0
 51
90.0
  0
ARC
  5
12FB
330
1D
100
AcDbEntity
  8
0
100
AcDbCircle
 10
201.1177904280567
 20
51.62805685073701
 30
0.0
 40
0.5
100
AcDbArc
 50
90.0
 51
180.0
  0
LINE
  5
12FC
330
1D
100
AcDbEntity
  8
0
100
AcDbLine
 10
201.1177904280567
 20
38.12805685073701
 30
0.0
 11
214.1177904280567
 21
38.12805685073701
 31
0.0
  0
LINE
  5
12FD
330
1D
100
AcDbEntity
  8
0
100
AcDbLine
 10
214.1177904280567
 20
52.12805685073701
 30
0.0
 11
201.1177904280567
 21
52.12805685073701
 31
0.0
  0
LINE
  5
12FE
330
1D
100
AcDbEntity
  8
0
100
AcDbLine
 10
214.6177904280567
 20
38.62805685073701
 30
0.0
 11
214.6177904280567
 21
51.62805685073701
 31
0.0
  0
LINE
  5
12FF
330
1D
100
AcDbEntity
  8
0
100
AcDbLine
 10
200.6177904280567
 20
51.62805685073701
 30
0.0
 11
200.6177904280567
 21
38.62805685073701
 31
0.0
  0
ARC
  5
1300
330
1D
100
AcDbEntity
  8
0
100
AcDbCircle
 10
220.1677904280567
 20
38.62805685073701
 30
0.0
 40
0.5
100
AcDbArc
 50
180.0
 51
270.0
  0
ARC
  5
1301
330
1D
100
AcDbEntity
  8
0
100
AcDbCircle
 10
233.1677904280567
 20
38.62805685073701
 30
0.0
 40
0.5
100
AcDbArc
 50
270.0
 51
0.0
  0
ARC
  5
1302
330
1D
100
AcDbEntity
  8
0
100
AcDbCircle
 10
233.1677904280567
 20
51.62805685073701
 30
0.0
 40
0.5
100
AcDbArc
 50
0.0
 51
90.0
  0
ARC
  5
1303
330
1D
100
AcDbEntity
  8
0
100
AcDbCircle
 10
220.1677904280567
 20
51.62805685073701
 30
0.0
 40
0.5
100
AcDbArc
 50
90.0
 51
180.0
  0
LINE
  5
1304
330
1D
100
AcDbEntity
  8
0
100
AcDbLine
 10
220.1677904280567
 20
38.12805685073701
 30
0.0
 11
233.1677904280567
 21
38.12805685073701
 31
0.0
  0
LINE
  5
1305
330
1D
100
AcDbEntity
  8
0
100
AcDbLine
 10
233.1677904280567
 20
52.12805685073701
 30
0.0
 11
220.1677904280567
 21
52.12805685073701
 31
0.0
  0
LINE
  5
1306
330
1D
100
AcDbEntity
  8
0
100
AcDbLine
 10
233.6677904280567
 20
38.62805685073701
 30
0.0
 11
233.6677904280567
 21
51.62805685073701
 31
0.0
  0
LINE
  5
1307
330
1D
100
AcDbEntity
  8
0
100
AcDbLine
 10
219.6677904280567
 20
51.62805685073701
 30
0.0
 11
219.6677904280567
 21
38.62805685073701
 31
0.0
  0
ARC
  5
1308
330
1D
100
AcDbEntity
  8
0
100
AcDbCircle
 10
239.2177904280567
 20
38.62805685073701
 30
0.0
 40
0.5
100
AcDbArc
 50
180.0
 51
270.0
  0
ARC
  5
1309
330
1D
100
AcDbEntity
  8
0
100
AcDbCircle
 10
252.2177904280567
 20
38.62805685073701
 30
0.0
 40
0.5
100
AcDbArc
 50
270.0
 51
0.0
  0
ARC
  5
130A
330
1D
100
AcDbEntity
  8
0
100
AcDbCircle
 10
252.2177904280567
 20
51.62805685073701
 30
0.0
 40
0.5
100
AcDbArc
 50
0.0
 51
90.0
  0
ARC
  5
130B
330
1D
100
AcDbEntity
  8
0
100
AcDbCircle
 10
239.2177904280567
 20
51.62805685073701
 30
0.0
 40
0.5
100
AcDbArc
 50
90.0
 51
180.0
  0
LINE
  5
130C
330
1D
100
AcDbEntity
  8
0
100
AcDbLine
 10
239.2177904280567
 20
38.12805685073701
 30
0.0
 11
252.2177904280567
 21
38.12805685073701
 31
0.0
  0
LINE
  5
130D
330
1D
100
AcDbEntity
  8
0
100
AcDbLine
 10
252.2177904280567
 20
52.12805685073701
 30
0.0
 11
239.2177904280567
 21
52.12805685073701
 31
0.0
  0
LINE
  5
130E
330
1D
100
AcDbEntity
  8
0
100
AcDbLine
 10
252.7177904280567
 20
38.62805685073701
 30
0.0
 11
252.7177904280567
 21
51.62805685073701
 31
0.0
  0
LINE
  5
130F
330
1D
100
AcDbEntity
  8
0
100
AcDbLine
 10
238.7177904280567
 20
51.62805685073701
 30
0.0
 11
238.7177904280567
 21
38.62805685073701
 31
0.0
  0
ARC
  5
1310
330
1D
100
AcDbEntity
  8
0
100
AcDbCircle
 10
274.9365404280567
 20
38.62805685073701
 30
0.0
 40
0.5
100
AcDbArc
 50
180.0
 51
270.0
  0
ARC
  5
1311
330
1D
100
AcDbEntity
  8
0
100
AcDbCircle
 10
287.9365404280567
 20
38.62805685073701
 30
0.0
 40
0.5
100
AcDbArc
 50
270.0
 51
0.0
  0
ARC
  5
1312
330
1D
100
AcDbEntity
  8
0
100
AcDbCircle
 10
287.9365404280567
 20
51.62805685073701
 30
0.0
 40
0.5
100
AcDbArc
 50
0.0
 51
90.0
  0
ARC
  5
1313
330
1D
100
AcDbEntity
  8
0
100
AcDbCircle
 10
274.9365404280567
 20
51.62805685073701
 30
0.0
 40
0.5
100
AcDbArc
 50
90.0
 51
180.0
  0
LINE
  5
1314
330
1D
100
AcDbEntity
  8
0
100
AcDbLine
 10
274.9365404280567
 20
38.12805685073701
 30
0.0
 11
287.9365404280567
 21
38.12805685073701
 31
0.0
  0
LINE
  5
1315
330
1D
100
AcDbEntity
  8
0
100
AcDbLine
 10
287.9365404280567
 20
52.12805685073701
 30
0.0
 11
274.9365404280567
 21
52.12805685073701
 31
0.0
  0
ARC
  5
1316
330
1D
100
AcDbEntity
  8
0
100
AcDbCircle
 10
334.4677904280567
 20
38.62805685073701
 30
0.0
 40
0.5
100
AcDbArc
 50
180.0
 51
270.0
  0
ARC
  5
1317
330
1D
100
AcDbEntity
  8
0
100
AcDbCircle
 10
347.4677904280567
 20
38.62805685073701
 30
0.0
 40
0.5
100
AcDbArc
 50
270.0
 51
0.0
  0
ARC
  5
1318
330
1D
100
AcDbEntity
  8
0
100
AcDbCircle
 10
347.4677904280567
 20
51.62805685073701
 30
0.0
 40
0.5
100
AcDbArc
 50
0.0
 51
90.0
  0
ARC
  5
1319
330
1D
100
AcDbEntity
  8
0
100
AcDbCircle
 10
334.4677904280567
 20
51.62805685073701
 30
0.0
 40
0.5
100
AcDbArc
 50
90.0
 51
180.0
  0
LINE
  5
131A
330
1D
100
AcDbEntity
  8
0
100
AcDbLine
 10
334.4677904280567
 20
38.12805685073701
 30
0.0
 11
347.4677904280567
 21
38.12805685073701
 31
0.0
  0
LINE
  5
131B
330
1D
100
AcDbEntity
  8
0
100
AcDbLine
 10
347.4677904280567
 20
52.12805685073701
 30
0.0
 11
334.4677904280567
 21
52.12805685073701
 31
0.0
  0
LINE
  5
131C
330
1D
100
AcDbEntity
  8
0
100
AcDbLine
 10
347.9677904280567
 20
38.62805685073701
 30
0.0
 11
347.9677904280567
 21
51.62805685073701
 31
0.0
  0
LINE
  5
131D
330
1D
100
AcDbEntity
  8
0
100
AcDbLine
 10
333.9677904280567
 20
51.62805685073701
 30
0.0
 11
333.9677904280567
 21
38.62805685073701
 31
0.0
  0
ARC
  5
131E
330
1D
100
AcDbEntity
  8
0
100
AcDbCircle
 10
27.28654042805672
 20
19.57805685073701
 30
0.0
 40
0.5
100
AcDbArc
 50
180.0
 51
270.0
  0
ARC
  5
131F
330
1D
100
AcDbEntity
  8
0
100
AcDbCircle
 10
40.28654042805672
 20
19.57805685073701
 30
0.0
 40
0.5
100
AcDbArc
 50
270.0
 51
0.0
  0
ARC
  5
1320
330
1D
100
AcDbEntity
  8
0
100
AcDbCircle
 10
40.28654042805672
 20
32.57805685073701
 30
0.0
 40
0.5
100
AcDbArc
 50
0.0
 51
90.0
  0
ARC
  5
1321
330
1D
100
AcDbEntity
  8
0
100
AcDbCircle
 10
27.28654042805672
 20
32.57805685073701
 30
0.0
 40
0.5
100
AcDbArc
 50
90.0
 51
180.0
  0
LINE
  5
1322
330
1D
100
AcDbEntity
  8
0
100
AcDbLine
 10
27.28654042805672
 20
19.07805685073701
 30
0.0
 11
40.28654042805672
 21
19.07805685073701
 31
0.0
  0
LINE
  5
1323
330
1D
100
AcDbEntity
  8
0
100
AcDbLine
 10
40.28654042805672
 20
33.07805685073701
 30
0.0
 11
27.28654042805672
 21
33.07805685073701
 31
0.0
  0
LINE
  5
1324
330
1D
100
AcDbEntity
  8
0
100
AcDbLine
 10
40.78654042805672
 20
19.57805685073701
 30
0.0
 11
40.78654042805672
 21
32.57805685073701
 31
0.0
  0
LINE
  5
1325
330
1D
100
AcDbEntity
  8
0
100
AcDbLine
 10
26.78654042805672
 20
32.57805685073701
 30
0.0
 11
26.78654042805672
 21
19.57805685073701
 31
0.0
  0
ARC
  5
1326
330
1D
100
AcDbEntity
  8
0
100
AcDbCircle
 10
51.09904042805672
 20
19.57805685073701
 30
0.0
 40
0.5
100
AcDbArc
 50
180.0
 51
270.0
  0
ARC
  5
1327
330
1D
100
AcDbEntity
  8
0
100
AcDbCircle
 10
64.09904042805672
 20
19.57805685073701
 30
0.0
 40
0.5
100
AcDbArc
 50
270.0
 51
0.0
  0
ARC
  5
1328
330
1D
100
AcDbEntity
  8
0
100
AcDbCircle
 10
64.09904042805672
 20
32.57805685073701
 30
0.0
 40
0.5
100
AcDbArc
 50
0.0
 51
90.0
  0
ARC
  5
1329
330
1D
100
AcDbEntity
  8
0
100
AcDbCircle
 10
51.09904042805672
 20
32.57805685073701
 30
0.0
 40
0.5
100
AcDbArc
 50
90.0
 51
180.0
  0
LINE
  5
132A
330
1D
100
AcDbEntity
  8
0
100
AcDbLine
 10
51.09904042805672
 20
19.07805685073701
 30
0.0
 11
64.09904042805672
 21
19.07805685073701
 31
0.0
  0
LINE
  5
132B
330
1D
100
AcDbEntity
  8
0
100
AcDbLine
 10
64.09904042805672
 20
33.07805685073701
 30
0.0
 11
51.09904042805672
 21
33.07805685073701
 31
0.0
  0
LINE
  5
132C
330
1D
100
AcDbEntity
  8
0
100
AcDbLine
 10
64.59904042805672
 20
19.57805685073701
 30
0.0
 11
64.59904042805672
 21
32.57805685073701
 31
0.0
  0
LINE
  5
132D
330
1D
100
AcDbEntity
  8
0
100
AcDbLine
 10
50.59904042805672
 20
32.57805685073701
 30
0.0
 11
50.59904042805672
 21
19.57805685073701
 31
0.0
  0
ARC
  5
132E
330
1D
100
AcDbEntity
  8
0
100
AcDbCircle
 10
74.91154042805672
 20
19.57805685073701
 30
0.0
 40
0.5
100
AcDbArc
 50
180.0
 51
270.0
  0
ARC
  5
132F
330
1D
100
AcDbEntity
  8
0
100
AcDbCircle
 10
87.91154042805672
 20
19.57805685073701
 30
0.0
 40
0.5
100
AcDbArc
 50
270.0
 51
0.0
  0
ARC
  5
1330
330
1D
100
AcDbEntity
  8
0
100
AcDbCircle
 10
87.91154042805672
 20
32.57805685073701
 30
0.0
 40
0.5
100
AcDbArc
 50
0.0
 51
90.0
  0
ARC
  5
1331
330
1D
100
AcDbEntity
  8
0
100
AcDbCircle
 10
74.91154042805672
 20
32.57805685073701
 30
0.0
 40
0.5
100
AcDbArc
 50
90.0
 51
180.0
  0
LINE
  5
1332
330
1D
100
AcDbEntity
  8
0
100
AcDbLine
 10
74.91154042805672
 20
19.07805685073701
 30
0.0
 11
87.91154042805672
 21
19.07805685073701
 31
0.0
  0
LINE
  5
1333
330
1D
100
AcDbEntity
  8
0
100
AcDbLine
 10
87.91154042805672
 20
33.07805685073701
 30
0.0
 11
74.91154042805672
 21
33.07805685073701
 31
0.0
  0
LINE
  5
1334
330
1D
100
AcDbEntity
  8
0
100
AcDbLine
 10
88.41154042805672
 20
19.57805685073701
 30
0.0
 11
88.41154042805672
 21
32.57805685073701
 31
0.0
  0
LINE
  5
1335
330
1D
100
AcDbEntity
  8
0
100
AcDbLine
 10
74.41154042805672
 20
32.57805685073701
 30
0.0
 11
74.41154042805672
 21
19.57805685073701
 31
0.0
  0
ARC
  5
1336
330
1D
100
AcDbEntity
  8
0
100
AcDbCircle
 10
146.3490404280567
 20
19.57805685073701
 30
0.0
 40
0.5
100
AcDbArc
 50
180.0
 51
270.0
  0
ARC
  5
1337
330
1D
100
AcDbEntity
  8
0
100
AcDbCircle
 10
159.3490404280567
 20
19.57805685073701
 30
0.0
 40
0.5
100
AcDbArc
 50
270.0
 51
0.0
  0
ARC
  5
1338
330
1D
100
AcDbEntity
  8
0
100
AcDbCircle
 10
159.3490404280567
 20
32.57805685073701
 30
0.0
 40
0.5
100
AcDbArc
 50
0.0
 51
90.0
  0
ARC
  5
1339
330
1D
100
AcDbEntity
  8
0
100
AcDbCircle
 10
146.3490404280567
 20
32.57805685073701
 30
0.0
 40
0.5
100
AcDbArc
 50
90.0
 51
180.0
  0
LINE
  5
133A
330
1D
100
AcDbEntity
  8
0
100
AcDbLine
 10
146.3490404280567
 20
19.07805685073701
 30
0.0
 11
159.3490404280567
 21
19.07805685073701
 31
0.0
  0
LINE
  5
133B
330
1D
100
AcDbEntity
  8
0
100
AcDbLine
 10
159.3490404280567
 20
33.07805685073701
 30
0.0
 11
146.3490404280567
 21
33.07805685073701
 31
0.0
  0
ARC
  5
133C
330
1D
100
AcDbEntity
  8
0
100
AcDbCircle
 10
217.7865404280567
 20
19.57805685073701
 30
0.0
 40
0.5
100
AcDbArc
 50
180.0
 51
270.0
  0
ARC
  5
133D
330
1D
100
AcDbEntity
  8
0
100
AcDbCircle
 10
230.7865404280567
 20
19.57805685073701
 30
0.0
 40
0.5
100
AcDbArc
 50
270.0
 51
0.0
  0
ARC
  5
133E
330
1D
100
AcDbEntity
  8
0
100
AcDbCircle
 10
230.7865404280567
 20
32.57805685073701
 30
0.0
 40
0.5
100
AcDbArc
 50
0.0
 51
90.0
  0
ARC
  5
133F
330
1D
100
AcDbEntity
  8
0
100
AcDbCircle
 10
217.7865404280567
 20
32.57805685073701
 30
0.0
 40
0.5
100
AcDbArc
 50
90.0
 51
180.0
  0
LINE
  5
1340
330
1D
100
AcDbEntity
  8
0
100
AcDbLine
 10
217.7865404280567
 20
19.07805685073701
 30
0.0
 11
230.7865404280567
 21
19.07805685073701
 31
0.0
  0
LINE
  5
1341
330
1D
100
AcDbEntity
  8
0
100
AcDbLine
 10
230.7865404280567
 20
33.07805685073701
 30
0.0
 11
217.7865404280567
 21
33.07805685073701
 31
0.0
  0
LINE
  5
1342
330
1D
100
AcDbEntity
  8
0
100
AcDbLine
 10
231.2865404280567
 20
19.57805685073701
 30
0.0
 11
231.2865404280567
 21
32.57805685073701
 31
0.0
  0
LINE
  5
1343
330
1D
100
AcDbEntity
  8
0
100
AcDbLine
 10
217.2865404280567
 20
32.57805685073701
 30
0.0
 11
217.2865404280567
 21
19.57805685073701
 31
0.0
  0
ARC
  5
1344
330
1D
100
AcDbEntity
  8
0
100
AcDbCircle
 10
241.5990404280567
 20
19.57805685073701
 30
0.0
 40
0.5
100
AcDbArc
 50
180.0
 51
270.0
  0
ARC
  5
1345
330
1D
100
AcDbEntity
  8
0
100
AcDbCircle
 10
254.5990404280567
 20
19.57805685073701
 30
0.0
 40
0.5
100
AcDbArc
 50
270.0
 51
0.0
  0
ARC
  5
1346
330
1D
100
AcDbEntity
  8
0
100
AcDbCircle
 10
254.5990404280567
 20
32.57805685073701
 30
0.0
 40
0.5
100
AcDbArc
 50
0.0
 51
90.0
  0
ARC
  5
1347
330
1D
100
AcDbEntity
  8
0
100
AcDbCircle
 10
241.5990404280567
 20
32.57805685073701
 30
0.0
 40
0.5
100
AcDbArc
 50
90.0
 51
180.0
  0
LINE
  5
1348
330
1D
100
AcDbEntity
  8
0
100
AcDbLine
 10
241.5990404280567
 20
19.07805685073701
 30
0.0
 11
254.5990404280567
 21
19.07805685073701
 31
0.0
  0
LINE
  5
1349
330
1D
100
AcDbEntity
  8
0
100
AcDbLine
 10
254.5990404280567
 20
33.07805685073701
 30
0.0
 11
241.5990404280567
 21
33.07805685073701
 31
0.0
  0
LINE
  5
134A
330
1D
100
AcDbEntity
  8
0
100
AcDbLine
 10
255.0990404280567
 20
19.57805685073701
 30
0.0
 11
255.0990404280567
 21
32.57805685073701
 31
0.0
  0
LINE
  5
134B
330
1D
100
AcDbEntity
  8
0
100
AcDbLine
 10
241.0990404280567
 20
32.57805685073701
 30
0.0
 11
241.0990404280567
 21
19.57805685073701
 31
0.0
  0
ARC
  5
134C
330
1D
100
AcDbEntity
  8
0
100
AcDbCircle
 10
265.4115404280567
 20
19.57805685073701
 30
0.0
 40
0.5
100
AcDbArc
 50
180.0
 51
270.0
  0
ARC
  5
134D
330
1D
100
AcDbEntity
  8
0
100
AcDbCircle
 10
278.4115404280567
 20
19.57805685073701
 30
0.0
 40
0.5
100
AcDbArc
 50
270.0
 51
0.0
  0
ARC
  5
134E
330
1D
100
AcDbEntity
  8
0
100
AcDbCircle
 10
278.4115404280567
 20
32.57805685073701
 30
0.0
 40
0.5
100
AcDbArc
 50
0.0
 51
90.0
  0
ARC
  5
134F
330
1D
100
AcDbEntity
  8
0
100
AcDbCircle
 10
265.4115404280567
 20
32.57805685073701
 30
0.0
 40
0.5
100
AcDbArc
 50
90.0
 51
180.0
  0
LINE
  5
1350
330
1D
100
AcDbEntity
  8
0
100
AcDbLine
 10
265.4115404280567
 20
19.07805685073701
 30
0.0
 11
278.4115404280567
 21
19.07805685073701
 31
0.0
  0
LINE
  5
1351
330
1D
100
AcDbEntity
  8
0
100
AcDbLine
 10
278.4115404280567
 20
33.07805685073701
 30
0.0
 11
265.4115404280567
 21
33.07805685073701
 31
0.0
  0
LINE
  5
1352
330
1D
100
AcDbEntity
  8
0
100
AcDbLine
 10
278.9115404280567
 20
19.57805685073701
 30
0.0
 11
278.9115404280567
 21
32.57805685073701
 31
0.0
  0
LINE
  5
1353
330
1D
100
AcDbEntity
  8
0
100
AcDbLine
 10
264.9115404280567
 20
32.57805685073701
 30
0.0
 11
264.9115404280567
 21
19.57805685073701
 31
0.0
  0
ARC
  5
1354
330
1D
100
AcDbEntity
  8
0
100
AcDbCircle
 10
289.2240404280567
 20
19.57805685073701
 30
0.0
 40
0.5
100
AcDbArc
 50
180.0
 51
270.0
  0
ARC
  5
1355
330
1D
100
AcDbEntity
  8
0
100
AcDbCircle
 10
302.2240404280567
 20
19.57805685073701
 30
0.0
 40
0.5
100
AcDbArc
 50
270.0
 51
0.0
  0
ARC
  5
1356
330
1D
100
AcDbEntity
  8
0
100
AcDbCircle
 10
302.2240404280567
 20
32.57805685073701
 30
0.0
 40
0.5
100
AcDbArc
 50
0.0
 51
90.0
  0
ARC
  5
1357
330
1D
100
AcDbEntity
  8
0
100
AcDbCircle
 10
289.2240404280567
 20
32.57805685073701
 30
0.0
 40
0.5
100
AcDbArc
 50
90.0
 51
180.0
  0
LINE
  5
1358
330
1D
100
AcDbEntity
  8
0
100
AcDbLine
 10
289.2240404280567
 20
19.07805685073701
 30
0.0
 11
302.2240404280567
 21
19.07805685073701
 31
0.0
  0
LINE
  5
1359
330
1D
100
AcDbEntity
  8
0
100
AcDbLine
 10
302.2240404280567
 20
33.07805685073701
 30
0.0
 11
289.2240404280567
 21
33.07805685073701
 31
0.0
  0
LINE
  5
135A
330
1D
100
AcDbEntity
  8
0
100
AcDbLine
 10
302.7240404280567
 20
19.57805685073701
 30
0.0
 11
302.7240404280567
 21
32.57805685073701
 31
0.0
  0
LINE
  5
135B
330
1D
100
AcDbEntity
  8
0
100
AcDbLine
 10
288.7240404280567
 20
32.57805685073701
 30
0.0
 11
288.7240404280567
 21
19.57805685073701
 31
0.0
  0
ARC
  5
135C
330
1D
100
AcDbEntity
  8
0
100
AcDbCircle
 10
315.4177904280567
 20
19.57805685073701
 30
0.0
 40
0.5
100
AcDbArc
 50
180.0
 51
270.0
  0
ARC
  5
135D
330
1D
100
AcDbEntity
  8
0
100
AcDbCircle
 10
328.4177904280567
 20
19.57805685073701
 30
0.0
 40
0.5
100
AcDbArc
 50
270.0
 51
0.0
  0
ARC
  5
135E
330
1D
100
AcDbEntity
  8
0
100
AcDbCircle
 10
328.4177904280567
 20
32.57805685073701
 30
0.0
 40
0.5
100
AcDbArc
 50
0.0
 51
90.0
  0
ARC
  5
135F
330
1D
100
AcDbEntity
  8
0
100
AcDbCircle
 10
315.4177904280567
 20
32.57805685073701
 30
0.0
 40
0.5
100
AcDbArc
 50
90.0
 51
180.0
  0
LINE
  5
1360
330
1D
100
AcDbEntity
  8
0
100
AcDbLine
 10
315.4177904280567
 20
19.07805685073701
 30
0.0
 11
328.4177904280567
 21
19.07805685073701
 31
0.0
  0
LINE
  5
1361
330
1D
100
AcDbEntity
  8
0
100
AcDbLine
 10
328.4177904280567
 20
33.07805685073701
 30
0.0
 11
315.4177904280567
 21
33.07805685073701
 31
0.0
  0
LINE
  5
1362
330
1D
100
AcDbEntity
  8
0
100
AcDbLine
 10
328.9177904280567
 20
19.57805685073701
 30
0.0
 11
328.9177904280567
 21
32.57805685073701
 31
0.0
  0
LINE
  5
1363
330
1D
100
AcDbEntity
  8
0
100
AcDbLine
 10
314.9177904280567
 20
32.57805685073701
 30
0.0
 11
314.9177904280567
 21
19.57805685073701
 31
0.0
  0
ARC
  5
1364
330
1D
100
AcDbEntity
  8
0
100
AcDbCircle
 10
334.4677904280567
 20
19.57805685073701
 30
0.0
 40
0.5
100
AcDbArc
 50
180.0
 51
270.0
  0
ARC
  5
1365
330
1D
100
AcDbEntity
  8
0
100
AcDbCircle
 10
347.4677904280567
 20
19.57805685073701
 30
0.0
 40
0.5
100
AcDbArc
 50
270.0
 51
0.0
  0
ARC
  5
1366
330
1D
100
AcDbEntity
  8
0
100
AcDbCircle
 10
347.4677904280567
 20
32.57805685073701
 30
0.0
 40
0.5
100
AcDbArc
 50
0.0
 51
90.0
  0
ARC
  5
1367
330
1D
100
AcDbEntity
  8
0
100
AcDbCircle
 10
334.4677904280567
 20
32.57805685073701
 30
0.0
 40
0.5
100
AcDbArc
 50
90.0
 51
180.0
  0
LINE
  5
1368
330
1D
100
AcDbEntity
  8
0
100
AcDbLine
 10
334.4677904280567
 20
19.07805685073701
 30
0.0
 11
347.4677904280567
 21
19.07805685073701
 31
0.0
  0
LINE
  5
1369
330
1D
100
AcDbEntity
  8
0
100
AcDbLine
 10
347.4677904280567
 20
33.07805685073701
 30
0.0
 11
334.4677904280567
 21
33.07805685073701
 31
0.0
  0
LINE
  5
136A
330
1D
100
AcDbEntity
  8
0
100
AcDbLine
 10
347.9677904280567
 20
19.57805685073701
 30
0.0
 11
347.9677904280567
 21
32.57805685073701
 31
0.0
  0
LINE
  5
136B
330
1D
100
AcDbEntity
  8
0
100
AcDbLine
 10
333.9677904280567
 20
32.57805685073701
 30
0.0
 11
333.9677904280567
 21
19.57805685073701
 31
0.0
  0
ARC
  5
136C
330
1D
100
AcDbEntity
  8
0
100
AcDbCircle
 10
353.5177904280567
 20
19.57805685073701
 30
0.0
 40
0.5
100
AcDbArc
 50
180.0
 51
270.0
  0
ARC
  5
136D
330
1D
100
AcDbEntity
  8
0
100
AcDbCircle
 10
366.5177904280567
 20
19.57805685073701
 30
0.0
 40
0.5
100
AcDbArc
 50
270.0
 51
0.0
  0
ARC
  5
136E
330
1D
100
AcDbEntity
  8
0
100
AcDbCircle
 10
366.5177904280567
 20
32.57805685073701
 30
0.0
 40
0.5
100
AcDbArc
 50
0.0
 51
90.0
  0
ARC
  5
136F
330
1D
100
AcDbEntity
  8
0
100
AcDbCircle
 10
353.5177904280567
 20
32.57805685073701
 30
0.0
 40
0.5
100
AcDbArc
 50
90.0
 51
180.0
  0
LINE
  5
1370
102
{ACAD_REACTORS
330
1452
102
}
330
1D
100
AcDbEntity
  8
0
100
AcDbLine
 10
353.5177904280567
 20
19.07805685073701
 30
0.0
 11
366.5177904280567
 21
19.07805685073701
 31
0.0
  0
LINE
  5
1371
330
1D
100
AcDbEntity
  8
0
100
AcDbLine
 10
366.5177904280567
 20
33.07805685073701
 30
0.0
 11
353.5177904280567
 21
33.07805685073701
 31
0.0
  0
LINE
  5
1372
330
1D
100
AcDbEntity
  8
0
100
AcDbLine
 10
367.0177904280567
 20
19.57805685073701
 30
0.0
 11
367.0177904280567
 21
32.57805685073701
 31
0.0
  0
LINE
  5
1373
330
1D
100
AcDbEntity
  8
0
100
AcDbLine
 10
353.0177904280567
 20
32.57805685073701
 30
0.0
 11
353.0177904280567
 21
19.57805685073701
 31
0.0
  0
LINE
  5
1374
330
1D
100
AcDbEntity
  8
0
 62
     0
100
AcDbLine
 10
145.8476304280567
 20
28.37704685073699
 30
0.0
 11
106.2237304280567
 21
28.37704685073699
 31
0.0
  0
LINE
  5
1375
330
1D
100
AcDbEntity
  8
0
 62
     0
100
AcDbLine
 10
106.2237304280567
 20
28.37704685073699
 30
0.0
 11
106.2237304280567
 21
31.60724685073701
 31
0.0
  0
LINE
  5
1376
330
1D
100
AcDbEntity
  8
0
 62
     0
100
AcDbLine
 10
106.2237304280567
 20
31.60724685073701
 30
0.0
 11
104.4982304280567
 21
31.60724685073701
 31
0.0
  0
LINE
  5
1377
330
1D
100
AcDbEntity
  8
0
 62
     0
100
AcDbLine
 10
104.4982304280567
 20
31.60724685073701
 30
0.0
 11
104.4982304280567
 21
32.52774685073702
 31
0.0
  0
LINE
  5
1378
330
1D
100
AcDbEntity
  8
0
 62
     0
100
AcDbLine
 10
104.4982304280567
 20
32.52774685073702
 30
0.0
 11
101.1976304280567
 21
32.52774685073702
 31
0.0
  0
LINE
  5
1379
330
1D
100
AcDbEntity
  8
0
 62
     0
100
AcDbLine
 10
101.1976304280567
 20
32.52774685073702
 30
0.0
 11
101.1976304280567
 21
31.60724685073701
 31
0.0
  0
LINE
  5
137A
330
1D
100
AcDbEntity
  8
0
 62
     0
100
AcDbLine
 10
101.1976304280567
 20
31.60724685073701
 30
0.0
 11
99.47263042805672
 21
31.60724685073701
 31
0.0
  0
LINE
  5
137B
330
1D
100
AcDbEntity
  8
0
 62
     0
100
AcDbLine
 10
99.47263042805672
 20
31.60724685073701
 30
0.0
 11
99.47263042805672
 21
28.37704685073699
 31
0.0
  0
LINE
  5
137C
330
1D
100
AcDbEntity
  8
0
 62
     0
100
AcDbLine
 10
99.47263042805672
 20
28.37704685073699
 30
0.0
 11
98.64853042805672
 21
28.37704685073699
 31
0.0
  0
LINE
  5
137D
330
1D
100
AcDbEntity
  8
0
 62
     0
100
AcDbLine
 10
98.64853042805672
 20
28.37704685073699
 30
0.0
 11
98.64853042805672
 21
25.57828685073703
 31
0.0
  0
LINE
  5
137E
330
1D
100
AcDbEntity
  8
0
 62
     0
100
AcDbLine
 10
98.64853042805672
 20
25.57828685073703
 30
0.0
 11
99.47263042805672
 21
25.57828685073703
 31
0.0
  0
LINE
  5
137F
330
1D
100
AcDbEntity
  8
0
 62
     0
100
AcDbLine
 10
99.47263042805672
 20
25.57828685073703
 30
0.0
 11
99.47263042805672
 21
19.308216850737
 31
0.0
  0
LINE
  5
1380
330
1D
100
AcDbEntity
  8
0
 62
     0
100
AcDbLine
 10
99.47263042805672
 20
19.308216850737
 30
0.0
 11
101.1976304280567
 21
19.308216850737
 31
0.0
  0
LINE
  5
1381
330
1D
100
AcDbEntity
  8
0
 62
     0
100
AcDbLine
 10
101.1976304280567
 20
19.308216850737
 30
0.0
 11
101.1976304280567
 21
18.32705685073701
 31
0.0
  0
LINE
  5
1382
330
1D
100
AcDbEntity
  8
0
 62
     0
100
AcDbLine
 10
101.1976304280567
 20
18.32705685073701
 30
0.0
 11
104.4982304280567
 21
18.32705685073701
 31
0.0
  0
LINE
  5
1383
330
1D
100
AcDbEntity
  8
0
 62
     0
100
AcDbLine
 10
104.4982304280567
 20
18.32705685073701
 30
0.0
 11
104.4982304280567
 21
19.308216850737
 31
0.0
  0
LINE
  5
1384
330
1D
100
AcDbEntity
  8
0
 62
     0
100
AcDbLine
 10
104.4982304280567
 20
19.308216850737
 30
0.0
 11
106.2237304280567
 21
19.308216850737
 31
0.0
  0
LINE
  5
1385
330
1D
100
AcDbEntity
  8
0
 62
     0
100
AcDbLine
 10
106.2237304280567
 20
19.308216850737
 30
0.0
 11
106.2237304280567
 21
23.77717685073704
 31
0.0
  0
LINE
  5
1386
330
1D
100
AcDbEntity
  8
0
 62
     0
100
AcDbLine
 10
106.2237304280567
 20
23.77717685073704
 30
0.0
 11
145.8476304280567
 21
23.77717685073704
 31
0.0
  0
LINE
  5
1387
330
1D
100
AcDbEntity
  8
0
 62
     0
100
AcDbLine
 10
159.8486304280567
 20
23.77717685073704
 30
0.0
 11
199.4726304280567
 21
23.77717685073704
 31
0.0
  0
LINE
  5
1388
330
1D
100
AcDbEntity
  8
0
 62
     0
100
AcDbLine
 10
199.4726304280567
 20
23.77717685073704
 30
0.0
 11
199.4726304280567
 21
19.308216850737
 31
0.0
  0
LINE
  5
1389
330
1D
100
AcDbEntity
  8
0
 62
     0
100
AcDbLine
 10
199.4726304280567
 20
19.308216850737
 30
0.0
 11
201.1976304280567
 21
19.308216850737
 31
0.0
  0
LINE
  5
138A
330
1D
100
AcDbEntity
  8
0
 62
     0
100
AcDbLine
 10
201.1976304280567
 20
19.308216850737
 30
0.0
 11
201.1976304280567
 21
18.32705685073701
 31
0.0
  0
LINE
  5
138B
330
1D
100
AcDbEntity
  8
0
 62
     0
100
AcDbLine
 10
201.1976304280567
 20
18.32705685073701
 30
0.0
 11
204.4986304280567
 21
18.32705685073701
 31
0.0
  0
LINE
  5
138C
330
1D
100
AcDbEntity
  8
0
 62
     0
100
AcDbLine
 10
204.4986304280567
 20
18.32705685073701
 30
0.0
 11
204.4986304280567
 21
19.308216850737
 31
0.0
  0
LINE
  5
138D
330
1D
100
AcDbEntity
  8
0
 62
     0
100
AcDbLine
 10
204.4986304280567
 20
19.308216850737
 30
0.0
 11
206.2236304280567
 21
19.308216850737
 31
0.0
  0
LINE
  5
138E
330
1D
100
AcDbEntity
  8
0
 62
     0
100
AcDbLine
 10
206.2236304280567
 20
19.308216850737
 30
0.0
 11
206.2236304280567
 21
25.57828685073703
 31
0.0
  0
LINE
  5
138F
330
1D
100
AcDbEntity
  8
0
 62
     0
100
AcDbLine
 10
206.2236304280567
 20
25.57828685073703
 30
0.0
 11
207.0476304280567
 21
25.57828685073703
 31
0.0
  0
LINE
  5
1390
330
1D
100
AcDbEntity
  8
0
 62
     0
100
AcDbLine
 10
207.0476304280567
 20
25.57828685073703
 30
0.0
 11
207.0476304280567
 21
28.37704685073699
 31
0.0
  0
LINE
  5
1391
330
1D
100
AcDbEntity
  8
0
 62
     0
100
AcDbLine
 10
207.0476304280567
 20
28.37704685073699
 30
0.0
 11
206.2236304280567
 21
28.37704685073699
 31
0.0
  0
LINE
  5
1392
330
1D
100
AcDbEntity
  8
0
 62
     0
100
AcDbLine
 10
206.2236304280567
 20
28.37704685073699
 30
0.0
 11
206.2236304280567
 21
31.60724685073701
 31
0.0
  0
LINE
  5
1393
330
1D
100
AcDbEntity
  8
0
 62
     0
100
AcDbLine
 10
206.2236304280567
 20
31.60724685073701
 30
0.0
 11
204.4986304280567
 21
31.60724685073701
 31
0.0
  0
LINE
  5
1394
330
1D
100
AcDbEntity
  8
0
 62
     0
100
AcDbLine
 10
204.4986304280567
 20
31.60724685073701
 30
0.0
 11
204.4986304280567
 21
32.52774685073702
 31
0.0
  0
LINE
  5
1395
330
1D
100
AcDbEntity
  8
0
 62
     0
100
AcDbLine
 10
204.4986304280567
 20
32.52774685073702
 30
0.0
 11
201.1976304280567
 21
32.52774685073702
 31
0.0
  0
LINE
  5
1396
330
1D
100
AcDbEntity
  8
0
 62
     0
100
AcDbLine
 10
201.1976304280567
 20
32.52774685073702
 30
0.0
 11
201.1976304280567
 21
31.60724685073701
 31
0.0
  0
LINE
  5
1397
330
1D
100
AcDbEntity
  8
0
 62
     0
100
AcDbLine
 10
201.1976304280567
 20
31.60724685073701
 30
0.0
 11
199.4726304280567
 21
31.60724685073701
 31
0.0
  0
LINE
  5
1398
330
1D
100
AcDbEntity
  8
0
 62
     0
100
AcDbLine
 10
199.4726304280567
 20
31.60724685073701
 30
0.0
 11
199.4726304280567
 21
28.37704685073699
 31
0.0
  0
LINE
  5
1399
330
1D
100
AcDbEntity
  8
0
 62
     0
100
AcDbLine
 10
199.4726304280567
 20
28.37704685073699
 30
0.0
 11
159.8486304280567
 21
28.37704685073699
 31
0.0
  0
LINE
  5
139A
330
1D
100
AcDbEntity
  8
0
  6
Continuous
390
11
100
AcDbLine
 10
145.8490404280567
 20
32.57805685073701
 30
0.0
 11
145.8476304280567
 21
28.37704685073699
 31
0.0
  0
LINE
  5
139B
330
1D
100
AcDbEntity
  8
0
  6
Continuous
390
11
100
AcDbLine
 10
145.8490404280567
 20
19.57805685073701
 30
0.0
 11
145.8476304280567
 21
23.77717685073704
 31
0.0
  0
LINE
  5
139C
330
1D
100
AcDbEntity
  8
0
  6
Continuous
390
11
100
AcDbLine
 10
159.8490404280567
 20
32.57805685073701
 30
0.0
 11
159.8486304280567
 21
28.37704685073699
 31
0.0
  0
LINE
  5
139D
330
1D
100
AcDbEntity
  8
0
  6
Continuous
390
11
100
AcDbLine
 10
159.8490404280567
 20
19.57805685073701
 30
0.0
 11
159.8486304280567
 21
23.77717685073704
 31
0.0
  0
LINE
  5
139E
330
1D
100
AcDbEntity
  8
0
 62
     0
100
AcDbLine
 10
274.4357904280567
 20
47.42705685073702
 30
0.0
 11
272.9117904280567
 21
47.42705685073702
 31
0.0
  0
LINE
  5
139F
330
1D
100
AcDbEntity
  8
0
 62
     0
100
AcDbLine
 10
272.9117904280567
 20
47.42705685073702
 30
0.0
 11
272.9117904280567
 21
50.65725685073701
 31
0.0
  0
LINE
  5
13A0
330
1D
100
AcDbEntity
  8
0
 62
     0
100
AcDbLine
 10
272.9117904280567
 20
50.65725685073701
 30
0.0
 11
271.1857904280567
 21
50.65725685073701
 31
0.0
  0
LINE
  5
13A1
330
1D
100
AcDbEntity
  8
0
 62
     0
100
AcDbLine
 10
271.1857904280567
 20
50.65725685073701
 30
0.0
 11
271.1857904280567
 21
51.57785685073702
 31
0.0
  0
LINE
  5
13A2
330
1D
100
AcDbEntity
  8
0
 62
     0
100
AcDbLine
 10
271.1857904280567
 20
51.57785685073702
 30
0.0
 11
267.8867904280568
 21
51.57785685073702
 31
0.0
  0
LINE
  5
13A3
330
1D
100
AcDbEntity
  8
0
 62
     0
100
AcDbLine
 10
267.8867904280568
 20
51.57785685073702
 30
0.0
 11
267.8867904280568
 21
50.65725685073701
 31
0.0
  0
LINE
  5
13A4
330
1D
100
AcDbEntity
  8
0
 62
     0
100
AcDbLine
 10
267.8867904280568
 20
50.65725685073701
 30
0.0
 11
266.1617904280567
 21
50.65725685073701
 31
0.0
  0
LINE
  5
13A5
330
1D
100
AcDbEntity
  8
0
 62
     0
100
AcDbLine
 10
266.1617904280567
 20
50.65725685073701
 30
0.0
 11
266.1617904280567
 21
47.42705685073702
 31
0.0
  0
LINE
  5
13A6
330
1D
100
AcDbEntity
  8
0
 62
     0
100
AcDbLine
 10
266.1617904280567
 20
47.42705685073702
 30
0.0
 11
265.3357904280567
 21
47.42705685073702
 31
0.0
  0
LINE
  5
13A7
330
1D
100
AcDbEntity
  8
0
 62
     0
100
AcDbLine
 10
265.3357904280567
 20
47.42705685073702
 30
0.0
 11
265.3357904280567
 21
44.62825685073702
 31
0.0
  0
LINE
  5
13A8
330
1D
100
AcDbEntity
  8
0
 62
     0
100
AcDbLine
 10
265.3357904280567
 20
44.62825685073702
 30
0.0
 11
266.1617904280567
 21
44.62825685073702
 31
0.0
  0
LINE
  5
13A9
330
1D
100
AcDbEntity
  8
0
 62
     0
100
AcDbLine
 10
266.1617904280567
 20
44.62825685073702
 30
0.0
 11
266.1617904280567
 21
38.35825685073701
 31
0.0
  0
LINE
  5
13AA
330
1D
100
AcDbEntity
  8
0
 62
     0
100
AcDbLine
 10
266.1617904280567
 20
38.35825685073701
 30
0.0
 11
267.8867904280568
 21
38.35825685073701
 31
0.0
  0
LINE
  5
13AB
330
1D
100
AcDbEntity
  8
0
 62
     0
100
AcDbLine
 10
267.8867904280568
 20
38.35825685073701
 30
0.0
 11
267.8867904280568
 21
37.37705685073701
 31
0.0
  0
LINE
  5
13AC
330
1D
100
AcDbEntity
  8
0
 62
     0
100
AcDbLine
 10
267.8867904280568
 20
37.37705685073701
 30
0.0
 11
271.1857904280567
 21
37.37705685073701
 31
0.0
  0
LINE
  5
13AD
330
1D
100
AcDbEntity
  8
0
 62
     0
100
AcDbLine
 10
271.1857904280567
 20
37.37705685073701
 30
0.0
 11
271.1857904280567
 21
38.35825685073701
 31
0.0
  0
LINE
  5
13AE
330
1D
100
AcDbEntity
  8
0
 62
     0
100
AcDbLine
 10
271.1857904280567
 20
38.35825685073701
 30
0.0
 11
272.9117904280567
 21
38.35825685073701
 31
0.0
  0
LINE
  5
13AF
330
1D
100
AcDbEntity
  8
0
 62
     0
100
AcDbLine
 10
272.9117904280567
 20
38.35825685073701
 30
0.0
 11
272.9117904280567
 21
42.827156850737
 31
0.0
  0
LINE
  5
13B0
330
1D
100
AcDbEntity
  8
0
 62
     0
100
AcDbLine
 10
272.9117904280567
 20
42.827156850737
 30
0.0
 11
274.4357904280567
 21
42.827156850737
 31
0.0
  0
LINE
  5
13B1
330
1D
100
AcDbEntity
  8
0
 62
     0
100
AcDbLine
 10
288.4357904280567
 20
42.827156850737
 30
0.0
 11
289.9617904280567
 21
42.827156850737
 31
0.0
  0
LINE
  5
13B2
330
1D
100
AcDbEntity
  8
0
 62
     0
100
AcDbLine
 10
289.9617904280567
 20
42.827156850737
 30
0.0
 11
289.9617904280567
 21
38.35825685073701
 31
0.0
  0
LINE
  5
13B3
330
1D
100
AcDbEntity
  8
0
 62
     0
100
AcDbLine
 10
289.9617904280567
 20
38.35825685073701
 30
0.0
 11
291.6867904280567
 21
38.35825685073701
 31
0.0
  0
LINE
  5
13B4
330
1D
100
AcDbEntity
  8
0
 62
     0
100
AcDbLine
 10
291.6867904280567
 20
38.35825685073701
 30
0.0
 11
291.6867904280567
 21
37.37705685073701
 31
0.0
  0
LINE
  5
13B5
330
1D
100
AcDbEntity
  8
0
 62
     0
100
AcDbLine
 10
291.6867904280567
 20
37.37705685073701
 30
0.0
 11
294.9857904280567
 21
37.37705685073701
 31
0.0
  0
LINE
  5
13B6
330
1D
100
AcDbEntity
  8
0
 62
     0
100
AcDbLine
 10
294.9857904280567
 20
37.37705685073701
 30
0.0
 11
294.9857904280567
 21
38.35825685073701
 31
0.0
  0
LINE
  5
13B7
330
1D
100
AcDbEntity
  8
0
 62
     0
100
AcDbLine
 10
294.9857904280567
 20
38.35825685073701
 30
0.0
 11
296.7107904280567
 21
38.35825685073701
 31
0.0
  0
LINE
  5
13B8
330
1D
100
AcDbEntity
  8
0
 62
     0
100
AcDbLine
 10
296.7107904280567
 20
38.35825685073701
 30
0.0
 11
296.7107904280567
 21
44.62825685073702
 31
0.0
  0
LINE
  5
13B9
330
1D
100
AcDbEntity
  8
0
 62
     0
100
AcDbLine
 10
296.7107904280567
 20
44.62825685073702
 30
0.0
 11
297.5367904280567
 21
44.62825685073702
 31
0.0
  0
LINE
  5
13BA
330
1D
100
AcDbEntity
  8
0
 62
     0
100
AcDbLine
 10
297.5367904280567
 20
44.62825685073702
 30
0.0
 11
297.5367904280567
 21
47.42705685073702
 31
0.0
  0
LINE
  5
13BB
330
1D
100
AcDbEntity
  8
0
 62
     0
100
AcDbLine
 10
297.5367904280567
 20
47.42705685073702
 30
0.0
 11
296.7107904280567
 21
47.42705685073702
 31
0.0
  0
LINE
  5
13BC
330
1D
100
AcDbEntity
  8
0
 62
     0
100
AcDbLine
 10
296.7107904280567
 20
47.42705685073702
 30
0.0
 11
296.7107904280567
 21
50.65725685073701
 31
0.0
  0
LINE
  5
13BD
330
1D
100
AcDbEntity
  8
0
 62
     0
100
AcDbLine
 10
296.7107904280567
 20
50.65725685073701
 30
0.0
 11
294.9857904280567
 21
50.65725685073701
 31
0.0
  0
LINE
  5
13BE
330
1D
100
AcDbEntity
  8
0
 62
     0
100
AcDbLine
 10
294.9857904280567
 20
50.65725685073701
 30
0.0
 11
294.9857904280567
 21
51.57785685073702
 31
0.0
  0
LINE
  5
13BF
330
1D
100
AcDbEntity
  8
0
 62
     0
100
AcDbLine
 10
294.9857904280567
 20
51.57785685073702
 30
0.0
 11
291.6867904280567
 21
51.57785685073702
 31
0.0
  0
LINE
  5
13C0
330
1D
100
AcDbEntity
  8
0
 62
     0
100
AcDbLine
 10
291.6867904280567
 20
51.57785685073702
 30
0.0
 11
291.6867904280567
 21
50.65725685073701
 31
0.0
  0
LINE
  5
13C1
330
1D
100
AcDbEntity
  8
0
 62
     0
100
AcDbLine
 10
291.6867904280567
 20
50.65725685073701
 30
0.0
 11
289.9617904280567
 21
50.65725685073701
 31
0.0
  0
LINE
  5
13C2
330
1D
100
AcDbEntity
  8
0
 62
     0
100
AcDbLine
 10
289.9617904280567
 20
50.65725685073701
 30
0.0
 11
289.9617904280567
 21
47.42705685073702
 31
0.0
  0
LINE
  5
13C3
330
1D
100
AcDbEntity
  8
0
 62
     0
100
AcDbLine
 10
289.9617904280567
 20
47.42705685073702
 30
0.0
 11
288.4357904280567
 21
47.42705685073702
 31
0.0
  0
LINE
  5
13C4
330
1D
100
AcDbEntity
  8
0
  6
Continuous
390
11
100
AcDbLine
 10
274.4365404280567
 20
51.62805685073701
 30
0.0
 11
274.4357904280567
 21
47.42705685073702
 31
0.0
  0
LINE
  5
13C5
330
1D
100
AcDbEntity
  8
0
  6
Continuous
390
11
100
AcDbLine
 10
274.4357904280567
 20
42.827156850737
 30
0.0
 11
274.4365404280567
 21
38.62805685073701
 31
0.0
  0
LINE
  5
13C6
330
1D
100
AcDbEntity
  8
0
  6
Continuous
390
11
100
AcDbLine
 10
288.4365404280567
 20
51.62805685073701
 30
0.0
 11
288.4357904280567
 21
47.42705685073702
 31
0.0
  0
LINE
  5
13C7
330
1D
100
AcDbEntity
  8
0
  6
Continuous
390
11
100
AcDbLine
 10
288.4365404280567
 20
38.62805685073701
 30
0.0
 11
288.4357904280567
 21
42.827156850737
 31
0.0
  0
LINE
  5
13C8
330
1D
100
AcDbEntity
  8
0
 62
     0
100
AcDbLine
 10
281.5812904280567
 20
104.576956850737
 30
0.0
 11
280.0552904280568
 21
104.576956850737
 31
0.0
  0
LINE
  5
13C9
330
1D
100
AcDbEntity
  8
0
 62
     0
100
AcDbLine
 10
280.0552904280568
 20
104.576956850737
 30
0.0
 11
280.0552904280568
 21
107.807056850737
 31
0.0
  0
LINE
  5
13CA
330
1D
100
AcDbEntity
  8
0
 62
     0
100
AcDbLine
 10
280.0552904280568
 20
107.807056850737
 30
0.0
 11
278.3302904280567
 21
107.807056850737
 31
0.0
  0
LINE
  5
13CB
330
1D
100
AcDbEntity
  8
0
 62
     0
100
AcDbLine
 10
278.3302904280567
 20
107.807056850737
 30
0.0
 11
278.3302904280567
 21
108.727756850737
 31
0.0
  0
LINE
  5
13CC
330
1D
100
AcDbEntity
  8
0
 62
     0
100
AcDbLine
 10
278.3302904280567
 20
108.727756850737
 30
0.0
 11
275.0292904280567
 21
108.727756850737
 31
0.0
  0
LINE
  5
13CD
330
1D
100
AcDbEntity
  8
0
 62
     0
100
AcDbLine
 10
275.0292904280567
 20
108.727756850737
 30
0.0
 11
275.0292904280567
 21
107.807056850737
 31
0.0
  0
LINE
  5
13CE
330
1D
100
AcDbEntity
  8
0
 62
     0
100
AcDbLine
 10
275.0292904280567
 20
107.807056850737
 30
0.0
 11
273.3062904280567
 21
107.807056850737
 31
0.0
  0
LINE
  5
13CF
330
1D
100
AcDbEntity
  8
0
 62
     0
100
AcDbLine
 10
273.3062904280567
 20
107.807056850737
 30
0.0
 11
273.3062904280567
 21
104.576956850737
 31
0.0
  0
LINE
  5
13D0
330
1D
100
AcDbEntity
  8
0
 62
     0
100
AcDbLine
 10
273.3062904280567
 20
104.576956850737
 30
0.0
 11
272.4802904280567
 21
104.576956850737
 31
0.0
  0
LINE
  5
13D1
330
1D
100
AcDbEntity
  8
0
 62
     0
100
AcDbLine
 10
272.4802904280567
 20
104.576956850737
 30
0.0
 11
272.4802904280567
 21
101.778056850737
 31
0.0
  0
LINE
  5
13D2
330
1D
100
AcDbEntity
  8
0
 62
     0
100
AcDbLine
 10
272.4802904280567
 20
101.778056850737
 30
0.0
 11
273.3062904280567
 21
101.778056850737
 31
0.0
  0
LINE
  5
13D3
330
1D
100
AcDbEntity
  8
0
 62
     0
100
AcDbLine
 10
273.3062904280567
 20
101.778056850737
 30
0.0
 11
273.3062904280567
 21
95.50815685073701
 31
0.0
  0
LINE
  5
13D4
330
1D
100
AcDbEntity
  8
0
 62
     0
100
AcDbLine
 10
273.3062904280567
 20
95.50815685073701
 30
0.0
 11
275.0292904280567
 21
95.50815685073701
 31
0.0
  0
LINE
  5
13D5
330
1D
100
AcDbEntity
  8
0
 62
     0
100
AcDbLine
 10
275.0292904280567
 20
95.50815685073701
 30
0.0
 11
275.0292904280567
 21
94.52705685073701
 31
0.0
  0
LINE
  5
13D6
330
1D
100
AcDbEntity
  8
0
 62
     0
100
AcDbLine
 10
275.0292904280567
 20
94.52705685073701
 30
0.0
 11
278.3302904280567
 21
94.52705685073701
 31
0.0
  0
LINE
  5
13D7
330
1D
100
AcDbEntity
  8
0
 62
     0
100
AcDbLine
 10
278.3302904280567
 20
94.52705685073701
 30
0.0
 11
278.3302904280567
 21
95.50815685073701
 31
0.0
  0
LINE
  5
13D8
330
1D
100
AcDbEntity
  8
0
 62
     0
100
AcDbLine
 10
278.3302904280567
 20
95.50815685073701
 30
0.0
 11
280.0552904280568
 21
95.50815685073701
 31
0.0
  0
LINE
  5
13D9
330
1D
100
AcDbEntity
  8
0
 62
     0
100
AcDbLine
 10
280.0552904280568
 20
95.50815685073701
 30
0.0
 11
280.0552904280568
 21
99.977156850737
 31
0.0
  0
LINE
  5
13DA
330
1D
100
AcDbEntity
  8
0
 62
     0
100
AcDbLine
 10
280.0552904280568
 20
99.977156850737
 30
0.0
 11
281.5812904280567
 21
99.977156850737
 31
0.0
  0
LINE
  5
13DB
330
1D
100
AcDbEntity
  8
0
 62
     0
100
AcDbLine
 10
295.5802904280567
 20
99.977156850737
 30
0.0
 11
297.1062904280567
 21
99.977156850737
 31
0.0
  0
LINE
  5
13DC
330
1D
100
AcDbEntity
  8
0
 62
     0
100
AcDbLine
 10
297.1062904280567
 20
99.977156850737
 30
0.0
 11
297.1062904280567
 21
95.50815685073701
 31
0.0
  0
LINE
  5
13DD
330
1D
100
AcDbEntity
  8
0
 62
     0
100
AcDbLine
 10
297.1062904280567
 20
95.50815685073701
 30
0.0
 11
298.8312904280567
 21
95.50815685073701
 31
0.0
  0
LINE
  5
13DE
330
1D
100
AcDbEntity
  8
0
 62
     0
100
AcDbLine
 10
298.8312904280567
 20
95.50815685073701
 30
0.0
 11
298.8312904280567
 21
94.52705685073701
 31
0.0
  0
LINE
  5
13DF
330
1D
100
AcDbEntity
  8
0
 62
     0
100
AcDbLine
 10
298.8312904280567
 20
94.52705685073701
 30
0.0
 11
302.1302904280567
 21
94.52705685073701
 31
0.0
  0
LINE
  5
13E0
330
1D
100
AcDbEntity
  8
0
 62
     0
100
AcDbLine
 10
302.1302904280567
 20
94.52705685073701
 30
0.0
 11
302.1302904280567
 21
95.50815685073701
 31
0.0
  0
LINE
  5
13E1
330
1D
100
AcDbEntity
  8
0
 62
     0
100
AcDbLine
 10
302.1302904280567
 20
95.50815685073701
 30
0.0
 11
303.8552904280567
 21
95.50815685073701
 31
0.0
  0
LINE
  5
13E2
330
1D
100
AcDbEntity
  8
0
 62
     0
100
AcDbLine
 10
303.8552904280567
 20
95.50815685073701
 30
0.0
 11
303.8552904280567
 21
101.778056850737
 31
0.0
  0
LINE
  5
13E3
330
1D
100
AcDbEntity
  8
0
 62
     0
100
AcDbLine
 10
303.8552904280567
 20
101.778056850737
 30
0.0
 11
304.6812904280567
 21
101.778056850737
 31
0.0
  0
LINE
  5
13E4
330
1D
100
AcDbEntity
  8
0
 62
     0
100
AcDbLine
 10
304.6812904280567
 20
101.778056850737
 30
0.0
 11
304.6812904280567
 21
104.576956850737
 31
0.0
  0
LINE
  5
13E5
330
1D
100
AcDbEntity
  8
0
 62
     0
100
AcDbLine
 10
304.6812904280567
 20
104.576956850737
 30
0.0
 11
303.8552904280567
 21
104.576956850737
 31
0.0
  0
LINE
  5
13E6
330
1D
100
AcDbEntity
  8
0
 62
     0
100
AcDbLine
 10
303.8552904280567
 20
104.576956850737
 30
0.0
 11
303.8552904280567
 21
107.807056850737
 31
0.0
  0
LINE
  5
13E7
330
1D
100
AcDbEntity
  8
0
 62
     0
100
AcDbLine
 10
303.8552904280567
 20
107.807056850737
 30
0.0
 11
302.1302904280567
 21
107.807056850737
 31
0.0
  0
LINE
  5
13E8
330
1D
100
AcDbEntity
  8
0
 62
     0
100
AcDbLine
 10
302.1302904280567
 20
107.807056850737
 30
0.0
 11
302.1302904280567
 21
108.727756850737
 31
0.0
  0
LINE
  5
13E9
330
1D
100
AcDbEntity
  8
0
 62
     0
100
AcDbLine
 10
302.1302904280567
 20
108.727756850737
 30
0.0
 11
298.8312904280567
 21
108.727756850737
 31
0.0
  0
LINE
  5
13EA
330
1D
100
AcDbEntity
  8
0
 62
     0
100
AcDbLine
 10
298.8312904280567
 20
108.727756850737
 30
0.0
 11
298.8312904280567
 21
107.807056850737
 31
0.0
  0
LINE
  5
13EB
330
1D
100
AcDbEntity
  8
0
 62
     0
100
AcDbLine
 10
298.8312904280567
 20
107.807056850737
 30
0.0
 11
297.1062904280567
 21
107.807056850737
 31
0.0
  0
LINE
  5
13EC
330
1D
100
AcDbEntity
  8
0
 62
     0
100
AcDbLine
 10
297.1062904280567
 20
107.807056850737
 30
0.0
 11
297.1062904280567
 21
104.576956850737
 31
0.0
  0
LINE
  5
13ED
330
1D
100
AcDbEntity
  8
0
 62
     0
100
AcDbLine
 10
297.1062904280567
 20
104.576956850737
 30
0.0
 11
295.5802904280567
 21
104.576956850737
 31
0.0
  0
LINE
  5
13EE
330
1D
100
AcDbEntity
  8
0
  6
Continuous
390
11
100
AcDbLine
 10
281.5802904280567
 20
108.778056850737
 30
0.0
 11
281.5812904280567
 21
104.576956850737
 31
0.0
  0
LINE
  5
13EF
330
1D
100
AcDbEntity
  8
0
  6
Continuous
390
11
100
AcDbLine
 10
281.5812904280567
 20
99.977156850737
 30
0.0
 11
281.5802904280567
 21
95.778056850737
 31
0.0
  0
LINE
  5
13F0
330
1D
100
AcDbEntity
  8
0
  6
Continuous
390
11
100
AcDbLine
 10
295.5802904280567
 20
99.977156850737
 30
0.0
 11
295.5802904280567
 21
95.778056850737
 31
0.0
  0
LINE
  5
13F1
330
1D
100
AcDbEntity
  8
0
  6
Continuous
390
11
100
AcDbLine
 10
295.5802904280567
 20
108.778056850737
 30
0.0
 11
295.5802904280567
 21
104.576956850737
 31
0.0
  0
LINE
  5
13F2
330
1D
100
AcDbEntity
  8
0
 62
     0
100
AcDbLine
 10
295.2227904280568
 20
89.802956850737
 30
0.0
 11
295.2227904280568
 21
88.977456850737
 31
0.0
  0
LINE
  5
13F3
330
1D
100
AcDbEntity
  8
0
 62
     0
100
AcDbLine
 10
295.2227904280568
 20
88.977456850737
 30
0.0
 11
288.9527904280567
 21
88.977456850737
 31
0.0
  0
LINE
  5
13F4
330
1D
100
AcDbEntity
  8
0
 62
     0
100
AcDbLine
 10
288.9527904280567
 20
88.977456850737
 30
0.0
 11
288.9527904280567
 21
87.252356850737
 31
0.0
  0
LINE
  5
13F5
330
1D
100
AcDbEntity
  8
0
 62
     0
100
AcDbLine
 10
288.9527904280567
 20
87.252356850737
 30
0.0
 11
287.9727904280568
 21
87.252356850737
 31
0.0
  0
LINE
  5
13F6
330
1D
100
AcDbEntity
  8
0
 62
     0
100
AcDbLine
 10
287.9727904280568
 20
87.252356850737
 30
0.0
 11
287.9727904280568
 21
83.95315685073702
 31
0.0
  0
LINE
  5
13F7
330
1D
100
AcDbEntity
  8
0
 62
     0
100
AcDbLine
 10
287.9727904280568
 20
83.95315685073702
 30
0.0
 11
288.9527904280567
 21
83.95315685073702
 31
0.0
  0
LINE
  5
13F8
330
1D
100
AcDbEntity
  8
0
 62
     0
100
AcDbLine
 10
288.9527904280567
 20
83.95315685073702
 30
0.0
 11
288.9527904280567
 21
82.22775685073701
 31
0.0
  0
LINE
  5
13F9
330
1D
100
AcDbEntity
  8
0
 62
     0
100
AcDbLine
 10
288.9527904280567
 20
82.22775685073701
 30
0.0
 11
293.4227904280567
 21
82.22775685073701
 31
0.0
  0
LINE
  5
13FA
330
1D
100
AcDbEntity
  8
0
 62
     0
100
AcDbLine
 10
293.4227904280567
 20
82.22775685073701
 30
0.0
 11
293.4227904280567
 21
80.70235685073702
 31
0.0
  0
LINE
  5
13FB
330
1D
100
AcDbEntity
  8
0
 62
     0
100
AcDbLine
 10
293.4227904280567
 20
66.70305685073701
 30
0.0
 11
293.4227904280567
 21
65.17725685073701
 31
0.0
  0
LINE
  5
13FC
330
1D
100
AcDbEntity
  8
0
 62
     0
100
AcDbLine
 10
293.4227904280567
 20
65.17725685073701
 30
0.0
 11
288.9527904280567
 21
65.17725685073701
 31
0.0
  0
LINE
  5
13FD
330
1D
100
AcDbEntity
  8
0
 62
     0
100
AcDbLine
 10
288.9527904280567
 20
65.17725685073701
 30
0.0
 11
288.9527904280567
 21
63.45215685073701
 31
0.0
  0
LINE
  5
13FE
330
1D
100
AcDbEntity
  8
0
 62
     0
100
AcDbLine
 10
288.9527904280567
 20
63.45215685073701
 30
0.0
 11
287.9727904280568
 21
63.45215685073701
 31
0.0
  0
LINE
  5
13FF
330
1D
100
AcDbEntity
  8
0
 62
     0
100
AcDbLine
 10
287.9727904280568
 20
63.45215685073701
 30
0.0
 11
287.9727904280568
 21
60.152956850737
 31
0.0
  0
LINE
  5
1400
330
1D
100
AcDbEntity
  8
0
 62
     0
100
AcDbLine
 10
287.9727904280568
 20
60.152956850737
 30
0.0
 11
288.9527904280567
 21
60.152956850737
 31
0.0
  0
LINE
  5
1401
330
1D
100
AcDbEntity
  8
0
 62
     0
100
AcDbLine
 10
288.9527904280567
 20
60.152956850737
 30
0.0
 11
288.9527904280567
 21
58.427956850737
 31
0.0
  0
LINE
  5
1402
330
1D
100
AcDbEntity
  8
0
 62
     0
100
AcDbLine
 10
288.9527904280567
 20
58.427956850737
 30
0.0
 11
295.2227904280568
 21
58.427956850737
 31
0.0
  0
LINE
  5
1403
330
1D
100
AcDbEntity
  8
0
 62
     0
100
AcDbLine
 10
295.2227904280568
 20
58.427956850737
 30
0.0
 11
295.2227904280568
 21
57.602456850737
 31
0.0
  0
LINE
  5
1404
330
1D
100
AcDbEntity
  8
0
 62
     0
100
AcDbLine
 10
295.2227904280568
 20
57.602456850737
 30
0.0
 11
298.0227904280567
 21
57.602456850737
 31
0.0
  0
LINE
  5
1405
330
1D
100
AcDbEntity
  8
0
 62
     0
100
AcDbLine
 10
298.0227904280567
 20
57.602456850737
 30
0.0
 11
298.0227904280567
 21
58.427956850737
 31
0.0
  0
LINE
  5
1406
330
1D
100
AcDbEntity
  8
0
 62
     0
100
AcDbLine
 10
298.0227904280567
 20
58.427956850737
 30
0.0
 11
301.2527904280568
 21
58.427956850737
 31
0.0
  0
LINE
  5
1407
330
1D
100
AcDbEntity
  8
0
 62
     0
100
AcDbLine
 10
301.2527904280568
 20
58.427956850737
 30
0.0
 11
301.2527904280568
 21
60.152956850737
 31
0.0
  0
LINE
  5
1408
330
1D
100
AcDbEntity
  8
0
 62
     0
100
AcDbLine
 10
301.2527904280568
 20
60.152956850737
 30
0.0
 11
302.1737904280567
 21
60.152956850737
 31
0.0
  0
LINE
  5
1409
330
1D
100
AcDbEntity
  8
0
 62
     0
100
AcDbLine
 10
302.1737904280567
 20
60.152956850737
 30
0.0
 11
302.1737904280567
 21
63.45215685073701
 31
0.0
  0
LINE
  5
140A
330
1D
100
AcDbEntity
  8
0
 62
     0
100
AcDbLine
 10
302.1737904280567
 20
63.45215685073701
 30
0.0
 11
301.2527904280568
 21
63.45215685073701
 31
0.0
  0
LINE
  5
140B
330
1D
100
AcDbEntity
  8
0
 62
     0
100
AcDbLine
 10
301.2527904280568
 20
63.45215685073701
 30
0.0
 11
301.2527904280568
 21
65.17725685073701
 31
0.0
  0
LINE
  5
140C
330
1D
100
AcDbEntity
  8
0
 62
     0
100
AcDbLine
 10
301.2527904280568
 20
65.17725685073701
 30
0.0
 11
298.0227904280567
 21
65.17725685073701
 31
0.0
  0
LINE
  5
140D
330
1D
100
AcDbEntity
  8
0
 62
     0
100
AcDbLine
 10
298.0227904280567
 20
65.17725685073701
 30
0.0
 11
298.0227904280567
 21
66.70305685073701
 31
0.0
  0
LINE
  5
140E
330
1D
100
AcDbEntity
  8
0
 62
     0
100
AcDbLine
 10
298.0227904280567
 20
80.70235685073702
 30
0.0
 11
298.0227904280567
 21
82.22775685073701
 31
0.0
  0
LINE
  5
140F
330
1D
100
AcDbEntity
  8
0
 62
     0
100
AcDbLine
 10
298.0227904280567
 20
82.22775685073701
 30
0.0
 11
301.2527904280568
 21
82.22775685073701
 31
0.0
  0
LINE
  5
1410
330
1D
100
AcDbEntity
  8
0
 62
     0
100
AcDbLine
 10
301.2527904280568
 20
82.22775685073701
 30
0.0
 11
301.2527904280568
 21
83.95315685073702
 31
0.0
  0
LINE
  5
1411
330
1D
100
AcDbEntity
  8
0
 62
     0
100
AcDbLine
 10
301.2527904280568
 20
83.95315685073702
 30
0.0
 11
302.1737904280567
 21
83.95315685073702
 31
0.0
  0
LINE
  5
1412
330
1D
100
AcDbEntity
  8
0
 62
     0
100
AcDbLine
 10
302.1737904280567
 20
83.95315685073702
 30
0.0
 11
302.1737904280567
 21
87.252356850737
 31
0.0
  0
LINE
  5
1413
330
1D
100
AcDbEntity
  8
0
 62
     0
100
AcDbLine
 10
302.1737904280567
 20
87.252356850737
 30
0.0
 11
301.2527904280568
 21
87.252356850737
 31
0.0
  0
LINE
  5
1414
330
1D
100
AcDbEntity
  8
0
 62
     0
100
AcDbLine
 10
301.2527904280568
 20
87.252356850737
 30
0.0
 11
301.2527904280568
 21
88.977456850737
 31
0.0
  0
LINE
  5
1415
330
1D
100
AcDbEntity
  8
0
 62
     0
100
AcDbLine
 10
301.2527904280568
 20
88.977456850737
 30
0.0
 11
298.0227904280567
 21
88.977456850737
 31
0.0
  0
LINE
  5
1416
330
1D
100
AcDbEntity
  8
0
 62
     0
100
AcDbLine
 10
298.0227904280567
 20
88.977456850737
 30
0.0
 11
298.0227904280567
 21
89.802956850737
 31
0.0
  0
LINE
  5
1417
330
1D
100
AcDbEntity
  8
0
 62
     0
100
AcDbLine
 10
298.0227904280567
 20
89.802956850737
 30
0.0
 11
295.2227904280568
 21
89.802956850737
 31
0.0
  0
LINE
  5
1418
330
1D
100
AcDbEntity
  8
0
  6
Continuous
390
11
100
AcDbLine
 10
289.2240404280567
 20
66.70305685073701
 30
0.0
 11
293.4227904280567
 21
66.70305685073701
 31
0.0
  0
LINE
  5
1419
330
1D
100
AcDbEntity
  8
0
  6
Continuous
390
11
100
AcDbLine
 10
298.0227904280567
 20
66.70305685073701
 30
0.0
 11
302.2240404280567
 21
66.70305685073701
 31
0.0
  0
LINE
  5
141A
330
1D
100
AcDbEntity
  8
0
  6
Continuous
390
11
100
AcDbLine
 10
289.2240404280567
 20
80.70305685073701
 30
0.0
 11
293.4227904280567
 21
80.70235685073702
 31
0.0
  0
LINE
  5
141B
330
1D
100
AcDbEntity
  8
0
  6
Continuous
390
11
100
AcDbLine
 10
298.0227904280567
 20
80.70235685073702
 30
0.0
 11
302.2240404280567
 21
80.70305685073701
 31
0.0
  0
DIMENSION
  5
1433
102
{ACAD_REACTORS
330
1442
102
}
102
{ACAD_XDICTIONARY
360
1441
102
}
330
1D
100
AcDbEntity
  8
0
  6
Continuous
390
F
100
AcDbDimension
280
     0
  2
*D17
 10
20.90529042805672
 20
-15.00967300924685
 30
0.0
 11
22.65529042805672
 21
-15.00967300924685
 31
0.0
 70
    32
 71
     5
 42
3.5
 73
     0
 74
     0
 75
     0
  3
Standard
100
AcDbAlignedDimension
 13
24.40529042805672
 23
137.353056850737
 33
0.0
 14
20.90529042805672
 24
159.3441180417957
 34
0.0
100
AcDbRotatedDimension
1001
ACAD
1000
DSTYLE
1002
{
1070
   279
1070
     2
1002
}
  0
DIMENSION
  5
1443
102
{ACAD_REACTORS
330
1452
102
}
102
{ACAD_XDICTIONARY
360
1451
102
}
330
1D
100
AcDbEntity
  8
0
  6
Continuous
390
F
100
AcDbDimension
280
     0
  2
*D18
 10
7.708494339327331
 20
14.07805685073704
 30
0.0
 11
7.708494339327331
 21
16.57805685073703
 31
0.0
 70
    32
 71
     5
 42
4.999999999999996
 73
     0
 74
     0
 75
     0
  3
Standard
100
AcDbAlignedDimension
 13
366.5177904280567
 23
19.07805685073701
 33
0.0
 14
437.5855487822784
 24
14.07805685073701
 34
0.0
 50
90.0
100
AcDbRotatedDimension
1001
ACAD
1000
DSTYLE
1002
{
1070
   279
1070
     2
1002
}
  0
DIMENSION
  5
1453
102
{ACAD_REACTORS
330
1462
102
}
102
{ACAD_XDICTIONARY
360
1461
102
}
330
1D
100
AcDbEntity
  8
0
  6
Continuous
390
F
100
AcDbDimension
280
     0
  2
*D19
 10
370.5177904280567
 20
-12.86732780183735
 30
0.0
 11
368.7677904280567
 21
-12.86732780183735
 31
0.0
 70
    32
 71
     5
 42
3.5
 73
     0
 74
     0
 75
     0
  3
Standard
100
AcDbAlignedDimension
 13
367.0177904280567
 23
137.353056850737
 33
0.0
 14
370.5177904280567
 24
148.1544222004146
 34
0.0
100
AcDbRotatedDimension
1001
ACAD
1000
DSTYLE
1002
{
1070
   279
1070
     2
1002
}
  0
DIMENSION
  5
1463
102
{ACAD_REACTORS
330
1472
102
}
102
{ACAD_XDICTIONARY
360
1471
102
}
330
1D
100
AcDbEntity
  8
0
  6
Continuous
390
F
100
AcDbDimension
280
     0
  2
*D20
 10
10.03873406254809
 20
142.853056850737
 30
0.0
 11
10.03873406254809
 21
140.353056850737
 31
0.0
 70
    32
 71
     5
 42
5.000000000000003
 73
     0
 74
     0
 75
     0
  3
Standard
100
AcDbAlignedDimension
 13
366.5177904280567
 23
137.853056850737
 33
0.0
 14
409.8749022878035
 24
142.853056850737
 34
0.0
 50
90.0
100
AcDbRotatedDimension
1001
ACAD
1000
DSTYLE
1002
{
1070
   279
1070
     2
1002
}
  0
ENDSEC
  0
SECTION
  2
OBJECTS
  0
DICTIONARY
  5
C
330
0
100
AcDbDictionary
281
     1
  3
ACAD_DETAILVIEWSTYLE
350
76F
  3
ACAD_DGNDEFINITIONS
350
35E
  3
ACAD_DWFDEFINITIONS
350
35D
  3
ACAD_GROUP
350
D
  3
ACAD_IMAGE_DICT
350
141C
  3
ACAD_LAYOUT
350
1A
  3
ACAD_MATERIAL
350
352
  3
ACAD_MLEADERSTYLE
350
358
  3
ACAD_MLINESTYLE
350
17
  3
ACAD_PDFDEFINITIONS
350
35C
  3
ACAD_PLOTSETTINGS
350
19
  3
ACAD_PLOTSTYLENAME
350
E
  3
ACAD_SCALELIST
350
323
  3
ACAD_SECTIONVIEWSTYLE
350
770
  3
ACAD_TABLESTYLE
350
356
  3
ACAD_VISUALSTYLE
350
339
  3
ACDB_RECOMPOSE_DATA
350
1478
  3
AcDbVariableDictionary
350
76A
  0
DICTIONARY
  5
1441
330
1433
100
AcDbDictionary
280
     1
281
     1
  3
ACAD_DIMASSOC
360
1442
  0
DICTIONARY
  5
1451
330
1443
100
AcDbDictionary
280
     1
281
     1
  3
ACAD_DIMASSOC
360
1452
  0
DICTIONARY
  5
1461
330
1453
100
AcDbDictionary
280
     1
281
     1
  3
ACAD_DIMASSOC
360
1462
  0
DICTIONARY
  5
1471
330
1463
100
AcDbDictionary
280
     1
281
     1
  3
ACAD_DIMASSOC
360
1472
  0
DICTIONARY
  5
76F
102
{ACAD_REACTORS
330
C
102
}
330
C
100
AcDbDictionary
281
     1
  0
DICTIONARY
  5
35E
102
{ACAD_REACTORS
330
C
102
}
330
C
100
AcDbDictionary
281
     1
  0
DICTIONARY
  5
35D
102
{ACAD_REACTORS
330
C
102
}
330
C
100
AcDbDictionary
281
     1
  0
DICTIONARY
  5
D
102
{ACAD_REACTORS
330
C
102
}
330
C
100
AcDbDictionary
281
     1
  0
DICTIONARY
  5
141C
102
{ACAD_REACTORS
330
C
102
}
330
C
100
AcDbDictionary
281
     1
  0
DICTIONARY
  5
1A
102
{ACAD_REACTORS
330
C
102
}
330
C
100
AcDbDictionary
281
     1
  3
Layout1
350
1C
  3
Model
350
1E
  0
DICTIONARY
  5
352
102
{ACAD_REACTORS
330
C
102
}
330
C
100
AcDbDictionary
281
     1
  3
ByBlock
350
354
  3
ByLayer
350
353
  3
Global
350
355
  0
DICTIONARY
  5
358
102
{ACAD_REACTORS
330
C
102
}
330
C
100
AcDbDictionary
281
     1
  3
Standard
350
359
  0
DICTIONARY
  5
17
102
{ACAD_REACTORS
330
C
102
}
330
C
100
AcDbDictionary
281
     1
  3
Standard
350
18
  0
DICTIONARY
  5
35C
102
{ACAD_REACTORS
330
C
102
}
330
C
100
AcDbDictionary
281
     1
  0
DICTIONARY
  5
19
102
{ACAD_REACTORS
330
C
102
}
330
C
100
AcDbDictionary
281
     1
  0
ACDBDICTIONARYWDFLT
  5
E
102
{ACAD_REACTORS
330
C
102
}
330
C
100
AcDbDictionary
281
     1
  3
ByColor
350
11
  3
Normal
350
F
100
AcDbDictionaryWithDefault
340
F
  0
DICTIONARY
  5
323
102
{ACAD_REACTORS
330
C
102
}
330
C
100
AcDbDictionary
281
     1
  3
A0
350
324
  3
B7
350
325
  3
B8
350
326
  3
B9
350
327
  3
C0
350
328
  3
C1
350
329
  3
C2
350
32A
  3
C3
350
32B
  3
C4
350
32C
  3
C5
350
32D
  3
C6
350
32E
  3
C7
350
32F
  3
C8
350
330
  3
C9
350
331
  3
D0
350
332
  3
D1
350
333
  3
D2
350
334
  0
DICTIONARY
  5
770
102
{ACAD_REACTORS
330
C
102
}
330
C
100
AcDbDictionary
281
     1
  0
DICTIONARY
  5
356
102
{ACAD_REACTORS
330
C
102
}
330
C
100
AcDbDictionary
281
     1
  3
Standard
350
357
  0
DICTIONARY
  5
339
102
{ACAD_REACTORS
330
C
102
}
330
C
100
AcDbDictionary
281
     1
  3
2dWireframe
350
33E
  3
Basic
350
341
  3
Brighten
350
345
  3
ColorChange
350
349
  3
Conceptual
350
343
  3
Dim
350
344
  3
EdgeColorOff
350
34C
  3
Facepattern
350
348
  3
Flat
350
33A
  3
FlatWithEdges
350
33B
  3
Gouraud
350
33C
  3
GouraudWithEdges
350
33D
  3
Hidden
350
340
  3
JitterOff
350
34A
  3
Linepattern
350
347
  3
OverhangOff
350
34B
  3
Realistic
350
342
  3
Shaded
350
351
  3
Shaded with edges
350
350
  3
Shades of Gray
350
34D
  3
Sketchy
350
34E
  3
Thicken
350
346
  3
Wireframe
350
33F
  3
X-Ray
350
34F
  0
XRECORD
  5
1478
102
{ACAD_REACTORS
330
C
102
}
330
C
100
AcDbXrecord
280
     1
 90
        1
330
357
  0
DICTIONARY
  5
76A
102
{ACAD_REACTORS
330
C
102
}
330
C
100
AcDbDictionary
281
     1
  3
CANNOSCALE
350
76B
  3
CMLEADERSTYLE
350
76D
  3
CTABLESTYLE
350
76C
  3
MSLTSCALE
350
76E
  0
DIMASSOC
  5
1442
102
{ACAD_REACTORS
330
1441
102
}
330
1441
100
AcDbDimAssoc
330
1433
 90
        1
 70
     0
 71
     0
  1
AcDbOsnapPointRef
 72
    13
331
10C3
 73
     2
 91
        0
 40
0.0
 10
0.0
 20
0.0
 30
2.000000000000000E+50
 75
     0
  0
DIMASSOC
  5
1452
102
{ACAD_REACTORS
330
1451
102
}
330
1451
100
AcDbDimAssoc
330
1443
 90
        1
 70
     0
 71
     0
  1
AcDbOsnapPointRef
 72
     1
331
1370
 73
     2
 91
        0
 40
1.0
 10
0.0
 20
0.0
 30
2.000000000000000E+50
 75
     0
  0
DIMASSOC
  5
1462
102
{ACAD_REACTORS
330
1461
102
}
330
1461
100
AcDbDimAssoc
330
1453
 90
        1
 70
     0
 71
     0
  1
AcDbOsnapPointRef
 72
     1
331
113A
 73
     2
 91
        0
 40
1.0
 10
0.0
 20
0.0
 30
2.000000000000000E+50
 75
     0
  0
DIMASSOC
  5
1472
102
{ACAD_REACTORS
330
1471
102
}
330
1471
100
AcDbDimAssoc
330
1463
 90
        1
 70
     0
 71
     0
  1
AcDbOsnapPointRef
 72
    13
331
1139
 73
     2
 91
        0
 40
0.0
 10
0.0
 20
0.0
 30
2.000000000000000E+50
 75
     0
  0
LAYOUT
  5
1C
102
{ACAD_REACTORS
330
1A
102
}
330
1A
100
AcDbPlotSettings
  1

  2
none_device
  4
ISO_A4_(210.00_x_297.00_MM)
  6

 40
7.5
 41
20.0
 42
7.5
 43
20.0
 44
210.0
 45
297.0
 46
0.0
 47
0.0
 48
0.0
 49
0.0
140
0.0
141
0.0
142
1.0
143
1.0
 70
   688
 72
     0
 73
     1
 74
     5
  7

 75
    16
 76
     0
 77
     2
 78
   300
147
1.0
148
0.0
149
0.0
100
AcDbLayout
  1
Layout1
 70
     1
 71
     1
 10
0.0
 20
0.0
 11
12.0
 21
9.0
 12
0.0
 22
0.0
 32
0.0
 14
1.000000000000000E+20
 24
1.000000000000000E+20
 34
1.000000000000000E+20
 15
-1.000000000000000E+20
 25
-1.000000000000000E+20
 35
-1.000000000000000E+20
146
0.0
 13
0.0
 23
0.0
 33
0.0
 16
1.0
 26
0.0
 36
0.0
 17
0.0
 27
1.0
 37
0.0
 76
     0
330
1B
  0
LAYOUT
  5
1E
102
{ACAD_REACTORS
330
1A
102
}
330
1A
100
AcDbPlotSettings
  1

  2
none_device
  4
ISO_A4_(210.00_x_297.00_MM)
  6

 40
7.5
 41
20.0
 42
7.5
 43
20.0
 44
210.0
 45
297.0
 46
0.0
 47
0.0
 48
0.0
 49
0.0
140
0.0
141
0.0
142
1.0
143
1.0
 70
  1712
 72
     0
 73
     1
 74
     0
  7

 75
     0
 76
     0
 77
     2
 78
   300
147
1.0
148
0.0
149
0.0
100
AcDbLayout
  1
Model
 70
     1
 71
     0
 10
0.0
 20
0.0
 11
12.0
 21
9.0
 12
0.0
 22
0.0
 32
0.0
 14
7.318494339327331
 24
-15.18967300924685
 34
0.0
 15
437.5855487822784
 25
159.3441180417957
 35
0.0
146
0.0
 13
0.0
 23
0.0
 33
0.0
 16
1.0
 26
0.0
 36
0.0
 17
0.0
 27
1.0
 37
0.0
 76
     0
330
1D
331
322
  0
MATERIAL
  5
354
102
{ACAD_REACTORS
330
352
102
}
330
352
100
AcDbMaterial
  1
ByBlock
 72
     1
 94
      127
  0
MATERIAL
  5
353
102
{ACAD_REACTORS
330
352
102
}
330
352
100
AcDbMaterial
  1
ByLayer
 72
     1
 94
      127
  0
MATERIAL
  5
355
102
{ACAD_REACTORS
330
352
102
}
330
352
100
AcDbMaterial
  1
Global
 72
     1
 94
      127
  0
MLEADERSTYLE
  5
359
102
{ACAD_REACTORS
330
358
102
}
330
358
100
AcDbMLeaderStyle
179
     2
170
     2
171
     1
172
     0
 90
        2
 40
0.0
 41
0.0
173
     1
 91
-1056964608
340
16
 92
       -2
290
     1
 42
0.09
291
     1
 43
0.36
  3
Standard
341
0
 44
0.18
300

342
12
174
     1
178
     6
175
     1
176
     0
 93
-1056964608
 45
0.18
292
     0
297
     0
 46
0.18
343
0
 94
-1056964608
 47
1.0
 49
1.0
140
1.0
293
     1
141
0.0
294
     1
177
     0
142
1.0
295
     0
296
     0
143
0.125
271
     0
272
     9
273
     9
298
     0
1001
ACAD_MLEADERVER
1070
     2
  0
MLINESTYLE
  5
18
102
{ACAD_REACTORS
330
17
102
}
330
17
100
AcDbMlineStyle
  2
Standard
 70
     0
  3

 62
   256
 51
90.0
 52
90.0
 71
     2
 49
0.5
 62
   256
  6
BYLAYER
 49
-0.5
 62
   256
  6
BYLAYER
  0
ACDBPLACEHOLDER
  5
11
102
{ACAD_REACTORS
330
E
102
}
330
E
  0
ACDBPLACEHOLDER
  5
F
102
{ACAD_REACTORS
330
E
102
}
330
E
  0
SCALE
  5
324
102
{ACAD_REACTORS
330
323
102
}
330
323
100
AcDbScale
 70
     0
300
1:1
140
1.0
141
1.0
290
     1
  0
SCALE
  5
325
102
{ACAD_REACTORS
330
323
102
}
330
323
100
AcDbScale
 70
     0
300
1/128" = 1'-0"
140
0.0078125
141
12.0
290
     0
  0
SCALE
  5
326
102
{ACAD_REACTORS
330
323
102
}
330
323
100
AcDbScale
 70
     0
300
1/64" = 1'-0"
140
0.015625
141
12.0
290
     0
  0
SCALE
  5
327
102
{ACAD_REACTORS
330
323
102
}
330
323
100
AcDbScale
 70
     0
300
1/32" = 1'-0"
140
0.03125
141
12.0
290
     0
  0
SCALE
  5
328
102
{ACAD_REACTORS
330
323
102
}
330
323
100
AcDbScale
 70
     0
300
1/16" = 1'-0"
140
0.0625
141
12.0
290
     0
  0
SCALE
  5
329
102
{ACAD_REACTORS
330
323
102
}
330
323
100
AcDbScale
 70
     0
300
3/32" = 1'-0"
140
0.09375
141
12.0
290
     0
  0
SCALE
  5
32A
102
{ACAD_REACTORS
330
323
102
}
330
323
100
AcDbScale
 70
     0
300
1/8" = 1'-0"
140
0.125
141
12.0
290
     0
  0
SCALE
  5
32B
102
{ACAD_REACTORS
330
323
102
}
330
323
100
AcDbScale
 70
     0
300
3/16" = 1'-0"
140
0.1875
141
12.0
290
     0
  0
SCALE
  5
32C
102
{ACAD_REACTORS
330
323
102
}
330
323
100
AcDbScale
 70
     0
300
1/4" = 1'-0"
140
0.25
141
12.0
290
     0
  0
SCALE
  5
32D
102
{ACAD_REACTORS
330
323
102
}
330
323
100
AcDbScale
 70
     0
300
3/8" = 1'-0"
140
0.375
141
12.0
290
     0
  0
SCALE
  5
32E
102
{ACAD_REACTORS
330
323
102
}
330
323
100
AcDbScale
 70
     0
300
1/2" = 1'-0"
140
0.5
141
12.0
290
     0
  0
SCALE
  5
32F
102
{ACAD_REACTORS
330
323
102
}
330
323
100
AcDbScale
 70
     0
300
3/4" = 1'-0"
140
0.75
141
12.0
290
     0
  0
SCALE
  5
330
102
{ACAD_REACTORS
330
323
102
}
330
323
100
AcDbScale
 70
     0
300
1" = 1'-0"
140
1.0
141
12.0
290
     0
  0
SCALE
  5
331
102
{ACAD_REACTORS
330
323
102
}
330
323
100
AcDbScale
 70
     0
300
1-1/2" = 1'-0"
140
1.5
141
12.0
290
     0
  0
SCALE
  5
332
102
{ACAD_REACTORS
330
323
102
}
330
323
100
AcDbScale
 70
     0
300
3" = 1'-0"
140
3.0
141
12.0
290
     0
  0
SCALE
  5
333
102
{ACAD_REACTORS
330
323
102
}
330
323
100
AcDbScale
 70
     0
300
6" = 1'-0"
140
6.0
141
12.0
290
     0
  0
SCALE
  5
334
102
{ACAD_REACTORS
330
323
102
}
330
323
100
AcDbScale
 70
     0
300
1'-0" = 1'-0"
140
12.0
141
12.0
290
     0
  0
TABLESTYLE
  5
357
102
{ACAD_REACTORS
330
356
102
}
102
{ACAD_XDICTIONARY
360
1476
102
}
330
356
100
AcDbTableStyle
  3
Standard
 70
     0
 71
     0
 40
0.06
 41
0.06
280
     0
281
     0
  7
Standard
140
0.18
170
     2
 62
     0
 63
   257
283
     0
 90
      512
 91
        0
  1

274
    -2
284
     1
 64
     0
275
    -2
285
     1
 65
     0
276
    -2
286
     1
 66
     0
277
    -2
287
     1
 67
     0
278
    -2
288
     1
 68
     0
279
    -2
289
     1
 69
     0
  7
Standard
140
0.25
170
     5
 62
     0
 63
   257
283
     0
 90
      512
 91
        0
  1

274
    -2
284
     1
 64
     0
275
    -2
285
     1
 65
     0
276
    -2
286
     1
 66
     0
277
    -2
287
     1
 67
     0
278
    -2
288
     1
 68
     0
279
    -2
289
     1
 69
     0
  7
Standard
140
0.18
170
     5
 62
     0
 63
   257
283
     0
 90
      512
 91
        0
  1

274
    -2
284
     1
 64
     0
275
    -2
285
     1
 65
     0
276
    -2
286
     1
 66
     0
277
    -2
287
     1
 67
     0
278
    -2
288
     1
 68
     0
279
    -2
289
     1
 69
     0
  0
VISUALSTYLE
  5
33E
102
{ACAD_REACTORS
330
339
102
}
330
339
100
AcDbVisualStyle
  2
2dWireframe
 70
     4
177
     3
291
     0
 70
    58
 90
        0
176
     1
 90
        2
176
     1
 90
        0
176
     1
 90
        0
176
     1
 40
0.6
176
     1
 40
30.0
176
     1
 62
     7
420
 16777215
176
     1
 90
        1
176
     1
 90
        4
176
     1
 62
     7
176
     1
 62
   257
176
     1
 90
        1
176
     1
 90
        1
176
     1
 40
1.0
176
     1
 90
        0
176
     1
 62
   257
176
     1
 40
1.0
176
     1
 90
        1
176
     1
 90
        6
176
     1
 90
        2
176
     1
 62
     7
176
     1
 90
        5
176
     1
 90
        0
176
     1
 90
        0
176
     1
290
     0
176
     1
 90
        1
176
     1
 40
0.0
176
     1
 90
        0
176
     1
290
     1
176
     1
290
     1
176
     1
290
     0
176
     1
290
     0
176
     1
290
     0
176
     1
290
     0
176
     1
290
     0
176
     1
290
     0
176
     1
290
     0
176
     1
 90
       50
176
     1
 40
0.0
176
     1
 40
1.0
176
     1
 90
        0
176
     1
 62
    18
420
        0
176
     1
 90
       50
176
     1
 90
        3
176
     1
 62
     5
420
      255
176
     1
290
     0
176
     1
 90
       50
176
     1
 90
       50
176
     1
 90
       50
176
     1
290
     0
176
     1
 90
       50
176
     1
 62
   256
176
     0
 40
1.0
176
     0
 90
        2
176
     1
  1
strokes_ogs.tif
176
     1
290
     0
176
     1
 40
1.0
176
     1
 40
1.0
176
     1
  0
VISUALSTYLE
  5
341
102
{ACAD_REACTORS
330
339
102
}
330
339
100
AcDbVisualStyle
  2
Basic
 70
     7
177
     3
291
     1
 70
    58
 90
        1
176
     1
 90
        0
176
     1
 90
        1
176
     1
 90
        0
176
     1
 40
0.6
176
     1
 40
30.0
176
     1
 62
     7
420
 16777215
176
     1
 90
        0
176
     1
 90
        4
176
     1
 62
     7
176
     1
 62
   257
176
     1
 90
        1
176
     1
 90
        1
176
     1
 40
1.0
176
     1
 90
        8
176
     1
 62
     7
176
     1
 40
1.0
176
     1
 90
        1
176
     1
 90
        6
176
     1
 90
        2
176
     1
 62
     7
176
     1
 90
        5
176
     1
 90
        0
176
     1
 90
        0
176
     1
290
     0
176
     1
 90
        1
176
     1
 40
0.0
176
     1
 90
        0
176
     1
290
     0
176
     1
290
     1
176
     1
290
     1
176
     1
290
     0
176
     1
290
     0
176
     1
290
     0
176
     1
290
     0
176
     1
290
     0
176
     1
290
     0
176
     1
 90
       50
176
     1
 40
0.0
176
     1
 40
1.0
176
     1
 90
        0
176
     1
 62
    18
420
        0
176
     1
 90
       50
176
     1
 90
        3
176
     1
 62
     5
420
      255
176
     1
290
     0
176
     1
 90
       50
176
     1
 90
       50
176
     1
 90
       50
176
     1
290
     0
176
     1
 90
       50
176
     1
 62
   256
176
     0
 40
1.0
176
     0
 90
        2
176
     1
  1
strokes_ogs.tif
176
     1
290
     0
176
     1
 40
1.0
176
     1
 40
1.0
176
     1
  0
VISUALSTYLE
  5
345
102
{ACAD_REACTORS
330
339
102
}
330
339
100
AcDbVisualStyle
  2
Brighten
 70
    12
177
     3
291
     1
 70
    58
 90
        2
176
     1
 90
        2
176
     1
 90
        0
176
     1
 90
        0
176
     1
 40
0.6
176
     1
 40
30.0
176
     1
 62
     7
420
 16777215
176
     1
 90
        1
176
     1
 90
        4
176
     1
 62
     7
176
     1
 62
   257
176
     1
 90
        1
176
     1
 90
        1
176
     1
 40
1.0
176
     1
 90
        8
176
     1
 62
     7
176
     1
 40
1.0
176
     1
 90
        1
176
     1
 90
        6
176
     1
 90
        2
176
     1
 62
     7
176
     1
 90
        5
176
     1
 90
        0
176
     1
 90
        0
176
     1
290
     0
176
     1
 90
        1
176
     1
 40
50.0
176
     1
 90
        0
176
     1
290
     0
176
     1
290
     1
176
     1
290
     1
176
     1
290
     0
176
     1
290
     0
176
     1
290
     0
176
     1
290
     0
176
     1
290
     0
176
     1
290
     0
176
     1
 90
       50
176
     1
 40
0.0
176
     1
 40
1.0
176
     1
 90
        0
176
     1
 62
    18
420
        0
176
     1
 90
       50
176
     1
 90
        3
176
     1
 62
     5
420
      255
176
     1
290
     0
176
     1
 90
       50
176
     1
 90
       50
176
     1
 90
       50
176
     1
290
     0
176
     1
 90
       50
176
     1
 62
   256
176
     0
 40
1.0
176
     0
 90
        2
176
     1
  1
strokes_ogs.tif
176
     1
290
     0
176
     1
 40
1.0
176
     1
 40
1.0
176
     1
  0
VISUALSTYLE
  5
349
102
{ACAD_REACTORS
330
339
102
}
330
339
100
AcDbVisualStyle
  2
ColorChange
 70
    16
177
     3
291
     1
 70
    58
 90
        2
176
     1
 90
        2
176
     1
 90
        3
176
     1
 90
        0
176
     1
 40
0.6
176
     1
 40
30.0
176
     1
 62
     8
420
  8421504
176
     1
 90
        1
176
     1
 90
        4
176
     1
 62
     7
176
     1
 62
   257
176
     1
 90
        1
176
     1
 90
        1
176
     1
 40
1.0
176
     1
 90
        8
176
     1
 62
     8
420
  8421504
176
     1
 40
1.0
176
     1
 90
        1
176
     1
 90
        6
176
     1
 90
        2
176
     1
 62
     7
176
     1
 90
        5
176
     1
 90
        0
176
     1
 90
        0
176
     1
290
     0
176
     1
 90
        1
176
     1
 40
0.0
176
     1
 90
        0
176
     1
290
     0
176
     1
290
     1
176
     1
290
     1
176
     1
290
     0
176
     1
290
     0
176
     1
290
     0
176
     1
290
     0
176
     1
290
     0
176
     1
290
     0
176
     1
 90
       50
176
     1
 40
0.0
176
     1
 40
1.0
176
     1
 90
        0
176
     1
 62
    18
420
        0
176
     1
 90
       50
176
     1
 90
        3
176
     1
 62
     5
420
      255
176
     1
290
     0
176
     1
 90
       50
176
     1
 90
       50
176
     1
 90
       50
176
     1
290
     0
176
     1
 90
       50
176
     1
 62
   256
176
     0
 40
1.0
176
     0
 90
        2
176
     1
  1
strokes_ogs.tif
176
     1
290
     0
176
     1
 40
1.0
176
     1
 40
1.0
176
     1
  0
VISUALSTYLE
  5
343
102
{ACAD_REACTORS
330
339
102
}
330
339
100
AcDbVisualStyle
  2
Conceptual
 70
     9
177
     3
291
     0
 70
    58
 90
        3
176
     1
 90
        2
176
     1
 90
        0
176
     1
 90
        0
176
     1
 40
0.6
176
     1
 40
30.0
176
     1
 62
     7
420
 16777215
176
     1
 90
        2
176
     1
 90
        2
176
     1
 62
     7
176
     1
 62
   257
176
     1
 90
        1
176
     1
 90
        1
176
     1
 40
40.0
176
     1
 90
        8
176
     1
 62
     7
176
     1
 40
1.0
176
     1
 90
        1
176
     1
 90
        6
176
     1
 90
        2
176
     1
 62
     7
176
     1
 90
        3
176
     1
 90
        0
176
     1
 90
        0
176
     1
290
     0
176
     1
 90
        1
176
     1
 40
0.0
176
     1
 90
        0
176
     1
290
     0
176
     1
290
     1
176
     1
290
     1
176
     1
290
     0
176
     1
290
     0
176
     1
290
     0
176
     1
290
     0
176
     1
290
     0
176
     1
290
     0
176
     1
 90
       50
176
     1
 40
0.0
176
     1
 40
1.0
176
     1
 90
        0
176
     1
 62
    18
420
        0
176
     1
 90
       50
176
     1
 90
        3
176
     1
 62
     5
420
      255
176
     1
290
     0
176
     1
 90
       50
176
     1
 90
       50
176
     1
 90
       50
176
     1
290
     0
176
     1
 90
       50
176
     1
 62
   256
176
     0
 40
1.0
176
     0
 90
        2
176
     1
  1
strokes_ogs.tif
176
     1
290
     0
176
     1
 40
1.0
176
     1
 40
1.0
176
     1
  0
VISUALSTYLE
  5
344
102
{ACAD_REACTORS
330
339
102
}
330
339
100
AcDbVisualStyle
  2
Dim
 70
    11
177
     3
291
     1
 70
    58
 90
        2
176
     1
 90
        2
176
     1
 90
        0
176
     1
 90
        0
176
     1
 40
0.6
176
     1
 40
30.0
176
     1
 62
     7
420
 16777215
176
     1
 90
        1
176
     1
 90
        4
176
     1
 62
     7
176
     1
 62
   257
176
     1
 90
        1
176
     1
 90
        1
176
     1
 40
1.0
176
     1
 90
        8
176
     1
 62
     7
176
     1
 40
1.0
176
     1
 90
        1
176
     1
 90
        6
176
     1
 90
        2
176
     1
 62
     7
176
     1
 90
        5
176
     1
 90
        0
176
     1
 90
        0
176
     1
290
     0
176
     1
 90
        1
176
     1
 40
-50.0
176
     1
 90
        0
176
     1
290
     0
176
     1
290
     1
176
     1
290
     1
176
     1
290
     0
176
     1
290
     0
176
     1
290
     0
176
     1
290
     0
176
     1
290
     0
176
     1
290
     0
176
     1
 90
       50
176
     1
 40
0.0
176
     1
 40
1.0
176
     1
 90
        0
176
     1
 62
    18
420
        0
176
     1
 90
       50
176
     1
 90
        3
176
     1
 62
     5
420
      255
176
     1
290
     0
176
     1
 90
       50
176
     1
 90
       50
176
     1
 90
       50
176
     1
290
     0
176
     1
 90
       50
176
     1
 62
   256
176
     0
 40
1.0
176
     0
 90
        2
176
     1
  1
strokes_ogs.tif
176
     1
290
     0
176
     1
 40
1.0
176
     1
 40
1.0
176
     1
  0
VISUALSTYLE
  5
34C
102
{ACAD_REACTORS
330
339
102
}
330
339
100
AcDbVisualStyle
  2
EdgeColorOff
 70
    22
177
     3
291
     1
 70
    58
 90
        2
176
     0
 90
        2
176
     0
 90
        0
176
     0
 90
        0
176
     0
 40
0.6
176
     0
 40
30.0
176
     0
 62
     7
420
 16777215
176
     0
 90
        1
176
     0
 90
        4
176
     0
 62
     7
176
     0
 62
   257
176
     0
 90
        1
176
     0
 90
        1
176
     0
 40
1.0
176
     0
 90
        8
176
     0
 62
     7
176
     0
 40
1.0
176
     0
 90
        1
176
     0
 90
        6
176
     0
 90
        2
176
     0
 62
     7
176
     0
 90
        5
176
     0
 90
        0
176
     0
 90
        0
176
     0
290
     0
176
     0
 90
        1
176
     0
 40
0.0
176
     0
 90
        0
176
     0
290
     0
176
     1
290
     1
176
     1
290
     1
176
     1
290
     0
176
     1
290
     0
176
     1
290
     0
176
     1
290
     0
176
     1
290
     0
176
     1
290
     0
176
     1
 90
       50
176
     1
 40
0.0
176
     1
 40
1.0
176
     1
 90
        0
176
     1
 62
    18
420
        0
176
     1
 90
       50
176
     1
 90
        3
176
     1
 62
     5
420
      255
176
     1
290
     0
176
     1
 90
       50
176
     1
 90
       50
176
     1
 90
       50
176
     1
290
     0
176
     1
 90
       50
176
     1
 62
   256
176
     0
 40
1.0
176
     0
 90
        2
176
     1
  1
strokes_ogs.tif
176
     1
290
     0
176
     1
 40
1.0
176
     1
 40
1.0
176
     1
  0
VISUALSTYLE
  5
348
102
{ACAD_REACTORS
330
339
102
}
330
339
100
AcDbVisualStyle
  2
Facepattern
 70
    15
177
     3
291
     1
 70
    58
 90
        2
176
     1
 90
        2
176
     1
 90
        0
176
     1
 90
        0
176
     1
 40
0.6
176
     1
 40
30.0
176
     1
 62
     7
420
 16777215
176
     1
 90
        1
176
     1
 90
        4
176
     1
 62
     7
176
     1
 62
   257
176
     1
 90
        1
176
     1
 90
        1
176
     1
 40
1.0
176
     1
 90
        8
176
     1
 62
     7
176
     1
 40
1.0
176
     1
 90
        1
176
     1
 90
        6
176
     1
 90
        2
176
     1
 62
     7
176
     1
 90
        5
176
     1
 90
        0
176
     1
 90
        0
176
     1
290
     0
176
     1
 90
        1
176
     1
 40
0.0
176
     1
 90
        0
176
     1
290
     0
176
     1
290
     1
176
     1
290
     1
176
     1
290
     0
176
     1
290
     0
176
     1
290
     0
176
     1
290
     0
176
     1
290
     0
176
     1
290
     0
176
     1
 90
       50
176
     1
 40
0.0
176
     1
 40
1.0
176
     1
 90
        0
176
     1
 62
    18
420
        0
176
     1
 90
       50
176
     1
 90
        3
176
     1
 62
     5
420
      255
176
     1
290
     0
176
     1
 90
       50
176
     1
 90
       50
176
     1
 90
       50
176
     1
290
     0
176
     1
 90
       50
176
     1
 62
   256
176
     0
 40
1.0
176
     0
 90
        2
176
     1
  1
strokes_ogs.tif
176
     1
290
     0
176
     1
 40
1.0
176
     1
 40
1.0
176
     1
  0
VISUALSTYLE
  5
33A
102
{ACAD_REACTORS
330
339
102
}
330
339
100
AcDbVisualStyle
  2
Flat
 70
     0
177
     3
291
     1
 70
    58
 90
        2
176
     1
 90
        1
176
     1
 90
        1
176
     1
 90
        2
176
     1
 40
0.6
176
     1
 40
30.0
176
     1
 62
     7
420
 16777215
176
     1
 90
        0
176
     1
 90
        4
176
     1
 62
     7
176
     1
 62
   257
176
     1
 90
        1
176
     1
 90
        1
176
     1
 40
1.0
176
     1
 90
        8
176
     1
 62
     7
176
     1
 40
1.0
176
     1
 90
        1
176
     1
 90
        6
176
     1
 90
        2
176
     1
 62
     7
176
     1
 90
        5
176
     1
 90
        0
176
     1
 90
        0
176
     1
290
     0
176
     1
 90
       13
176
     1
 40
0.0
176
     1
 90
        0
176
     1
290
     0
176
     1
290
     1
176
     1
290
     1
176
     1
290
     0
176
     1
290
     0
176
     1
290
     0
176
     1
290
     0
176
     1
290
     0
176
     1
290
     0
176
     1
 90
       50
176
     1
 40
0.0
176
     1
 40
1.0
176
     1
 90
        0
176
     1
 62
    18
420
        0
176
     1
 90
       50
176
     1
 90
        3
176
     1
 62
     5
420
      255
176
     1
290
     0
176
     1
 90
       50
176
     1
 90
       50
176
     1
 90
       50
176
     1
290
     0
176
     1
 90
       50
176
     1
 62
   256
176
     0
 40
1.0
176
     0
 90
        2
176
     1
  1
strokes_ogs.tif
176
     1
290
     0
176
     1
 40
1.0
176
     1
 40
1.0
176
     1
  0
VISUALSTYLE
  5
33B
102
{ACAD_REACTORS
330
339
102
}
330
339
100
AcDbVisualStyle
  2
FlatWithEdges
 70
     1
177
     3
291
     1
 70
    58
 90
        2
176
     1
 90
        1
176
     1
 90
        1
176
     1
 90
        2
176
     1
 40
0.6
176
     1
 40
30.0
176
     1
 62
     7
420
 16777215
176
     1
 90
        1
176
     1
 90
        4
176
     1
 62
     7
176
     1
 62
   257
176
     1
 90
        1
176
     1
 90
        1
176
     1
 40
1.0
176
     1
 90
        0
176
     1
 62
   257
176
     1
 40
1.0
176
     1
 90
        1
176
     1
 90
        6
176
     1
 90
        2
176
     1
 62
     7
176
     1
 90
        5
176
     1
 90
        0
176
     1
 90
        0
176
     1
290
     0
176
     1
 90
       13
176
     1
 40
0.0
176
     1
 90
        0
176
     1
290
     0
176
     1
290
     1
176
     1
290
     1
176
     1
290
     0
176
     1
290
     0
176
     1
290
     0
176
     1
290
     0
176
     1
290
     0
176
     1
290
     0
176
     1
 90
       50
176
     1
 40
0.0
176
     1
 40
1.0
176
     1
 90
        0
176
     1
 62
    18
420
        0
176
     1
 90
       50
176
     1
 90
        3
176
     1
 62
     5
420
      255
176
     1
290
     0
176
     1
 90
       50
176
     1
 90
       50
176
     1
 90
       50
176
     1
290
     0
176
     1
 90
       50
176
     1
 62
   256
176
     0
 40
1.0
176
     0
 90
        2
176
     1
  1
strokes_ogs.tif
176
     1
290
     0
176
     1
 40
1.0
176
     1
 40
1.0
176
     1
  0
VISUALSTYLE
  5
33C
102
{ACAD_REACTORS
330
339
102
}
330
339
100
AcDbVisualStyle
  2
Gouraud
 70
     2
177
     3
291
     1
 70
    58
 90
        2
176
     1
 90
        2
176
     1
 90
        1
176
     1
 90
        2
176
     1
 40
0.6
176
     1
 40
30.0
176
     1
 62
     7
420
 16777215
176
     1
 90
        0
176
     1
 90
        4
176
     1
 62
     7
176
     1
 62
   257
176
     1
 90
        1
176
     1
 90
        1
176
     1
 40
1.0
176
     1
 90
        0
176
     1
 62
     7
176
     1
 40
1.0
176
     1
 90
        1
176
     1
 90
        6
176
     1
 90
        2
176
     1
 62
     7
176
     1
 90
        5
176
     1
 90
        0
176
     1
 90
        0
176
     1
290
     0
176
     1
 90
       13
176
     1
 40
0.0
176
     1
 90
        0
176
     1
290
     0
176
     1
290
     1
176
     1
290
     1
176
     1
290
     0
176
     1
290
     0
176
     1
290
     0
176
     1
290
     0
176
     1
290
     0
176
     1
290
     0
176
     1
 90
       50
176
     1
 40
0.0
176
     1
 40
1.0
176
     1
 90
        0
176
     1
 62
    18
420
        0
176
     1
 90
       50
176
     1
 90
        3
176
     1
 62
     5
420
      255
176
     1
290
     0
176
     1
 90
       50
176
     1
 90
       50
176
     1
 90
       50
176
     1
290
     0
176
     1
 90
       50
176
     1
 62
   256
176
     0
 40
1.0
176
     0
 90
        2
176
     1
  1
strokes_ogs.tif
176
     1
290
     0
176
     1
 40
1.0
176
     1
 40
1.0
176
     1
  0
VISUALSTYLE
  5
33D
102
{ACAD_REACTORS
330
339
102
}
330
339
100
AcDbVisualStyle
  2
GouraudWithEdges
 70
     3
177
     3
291
     1
 70
    58
 90
        2
176
     1
 90
        2
176
     1
 90
        1
176
     1
 90
        2
176
     1
 40
0.6
176
     1
 40
30.0
176
     1
 62
     7
420
 16777215
176
     1
 90
        1
176
     1
 90
        4
176
     1
 62
     7
176
     1
 62
   257
176
     1
 90
        1
176
     1
 90
        1
176
     1
 40
1.0
176
     1
 90
        0
176
     1
 62
   257
176
     1
 40
1.0
176
     1
 90
        1
176
     1
 90
        6
176
     1
 90
        2
176
     1
 62
     7
176
     1
 90
        5
176
     1
 90
        0
176
     1
 90
        0
176
     1
290
     0
176
     1
 90
       13
176
     1
 40
0.0
176
     1
 90
        0
176
     1
290
     0
176
     1
290
     1
176
     1
290
     1
176
     1
290
     0
176
     1
290
     0
176
     1
290
     0
176
     1
290
     0
176
     1
290
     0
176
     1
290
     0
176
     1
 90
       50
176
     1
 40
0.0
176
     1
 40
1.0
176
     1
 90
        0
176
     1
 62
    18
420
        0
176
     1
 90
       50
176
     1
 90
        3
176
     1
 62
     5
420
      255
176
     1
290
     0
176
     1
 90
       50
176
     1
 90
       50
176
     1
 90
       50
176
     1
290
     0
176
     1
 90
       50
176
     1
 62
   256
176
     0
 40
1.0
176
     0
 90
        2
176
     1
  1
strokes_ogs.tif
176
     1
290
     0
176
     1
 40
1.0
176
     1
 40
1.0
176
     1
  0
VISUALSTYLE
  5
340
102
{ACAD_REACTORS
330
339
102
}
330
339
100
AcDbVisualStyle
  2
Hidden
 70
     6
177
     3
291
     0
 70
    58
 90
        1
176
     1
 90
        2
176
     1
 90
        2
176
     1
 90
        0
176
     1
 40
0.6
176
     1
 40
30.0
176
     1
 62
     7
420
 16777215
176
     1
 90
        2
176
     1
 90
        2
176
     1
 62
     7
176
     1
 62
   257
176
     1
 90
        2
176
     1
 90
        1
176
     1
 40
40.0
176
     1
 90
        0
176
     1
 62
   257
176
     1
 40
1.0
176
     1
 90
        1
176
     1
 90
        6
176
     1
 90
        2
176
     1
 62
     7
176
     1
 90
        3
176
     1
 90
        0
176
     1
 90
        0
176
     1
290
     0
176
     1
 90
        1
176
     1
 40
0.0
176
     1
 90
        0
176
     1
290
     0
176
     1
290
     1
176
     1
290
     1
176
     1
290
     0
176
     1
290
     0
176
     1
290
     0
176
     1
290
     0
176
     1
290
     0
176
     1
290
     0
176
     1
 90
       50
176
     1
 40
0.0
176
     1
 40
1.0
176
     1
 90
        0
176
     1
 62
    18
420
        0
176
     1
 90
       50
176
     1
 90
        3
176
     1
 62
     5
420
      255
176
     1
290
     0
176
     1
 90
       50
176
     1
 90
       50
176
     1
 90
       50
176
     1
290
     0
176
     1
 90
       50
176
     1
 62
   256
176
     0
 40
1.0
176
     0
 90
        2
176
     1
  1
strokes_ogs.tif
176
     1
290
     0
176
     1
 40
1.0
176
     1
 40
1.0
176
     1
  0
VISUALSTYLE
  5
34A
102
{ACAD_REACTORS
330
339
102
}
330
339
100
AcDbVisualStyle
  2
JitterOff
 70
    20
177
     3
291
     1
 70
    58
 90
        2
176
     0
 90
        2
176
     0
 90
        0
176
     0
 90
        0
176
     0
 40
0.6
176
     0
 40
30.0
176
     0
 62
     7
420
 16777215
176
     0
 90
        1
176
     0
 90
        4
176
     0
 62
     7
176
     0
 62
   257
176
     0
 90
        1
176
     0
 90
        1
176
     0
 40
1.0
176
     0
 90
       10
176
     0
 62
     7
176
     0
 40
1.0
176
     0
 90
        1
176
     0
 90
        6
176
     0
 90
        2
176
     0
 62
     7
176
     0
 90
        5
176
     0
 90
        0
176
     0
 90
        0
176
     0
290
     0
176
     0
 90
        1
176
     0
 40
0.0
176
     0
 90
        0
176
     0
290
     0
176
     1
290
     1
176
     1
290
     1
176
     1
290
     0
176
     1
290
     0
176
     1
290
     0
176
     1
290
     0
176
     1
290
     0
176
     1
290
     0
176
     1
 90
       50
176
     1
 40
0.0
176
     1
 40
1.0
176
     1
 90
        0
176
     1
 62
    18
420
        0
176
     1
 90
       50
176
     1
 90
        3
176
     1
 62
     5
420
      255
176
     1
290
     0
176
     1
 90
       50
176
     1
 90
       50
176
     1
 90
       50
176
     1
290
     0
176
     1
 90
       50
176
     1
 62
   256
176
     0
 40
1.0
176
     0
 90
        2
176
     1
  1
strokes_ogs.tif
176
     1
290
     0
176
     1
 40
1.0
176
     1
 40
1.0
176
     1
  0
VISUALSTYLE
  5
347
102
{ACAD_REACTORS
330
339
102
}
330
339
100
AcDbVisualStyle
  2
Linepattern
 70
    14
177
     3
291
     1
 70
    58
 90
        2
176
     1
 90
        2
176
     1
 90
        0
176
     1
 90
        0
176
     1
 40
0.6
176
     1
 40
30.0
176
     1
 62
     7
420
 16777215
176
     1
 90
        1
176
     1
 90
        4
176
     1
 62
     7
176
     1
 62
   257
176
     1
 90
        7
176
     1
 90
        7
176
     1
 40
1.0
176
     1
 90
        8
176
     1
 62
     7
176
     1
 40
1.0
176
     1
 90
        1
176
     1
 90
        6
176
     1
 90
        2
176
     1
 62
     7
176
     1
 90
        5
176
     1
 90
        0
176
     1
 90
        0
176
     1
290
     0
176
     1
 90
        1
176
     1
 40
0.0
176
     1
 90
        0
176
     1
290
     0
176
     1
290
     1
176
     1
290
     1
176
     1
290
     0
176
     1
290
     0
176
     1
290
     0
176
     1
290
     0
176
     1
290
     0
176
     1
290
     0
176
     1
 90
       50
176
     1
 40
0.0
176
     1
 40
1.0
176
     1
 90
        0
176
     1
 62
    18
420
        0
176
     1
 90
       50
176
     1
 90
        3
176
     1
 62
     5
420
      255
176
     1
290
     0
176
     1
 90
       50
176
     1
 90
       50
176
     1
 90
       50
176
     1
290
     0
176
     1
 90
       50
176
     1
 62
   256
176
     0
 40
1.0
176
     0
 90
        2
176
     1
  1
strokes_ogs.tif
176
     1
290
     0
176
     1
 40
1.0
176
     1
 40
1.0
176
     1
  0
VISUALSTYLE
  5
34B
102
{ACAD_REACTORS
330
339
102
}
330
339
100
AcDbVisualStyle
  2
OverhangOff
 70
    21
177
     3
291
     1
 70
    58
 90
        2
176
     0
 90
        2
176
     0
 90
        0
176
     0
 90
        0
176
     0
 40
0.6
176
     0
 40
30.0
176
     0
 62
     7
420
 16777215
176
     0
 90
        1
176
     0
 90
        4
176
     0
 62
     7
176
     0
 62
   257
176
     0
 90
        1
176
     0
 90
        1
176
     0
 40
1.0
176
     0
 90
        9
176
     0
 62
     7
176
     0
 40
1.0
176
     0
 90
        1
176
     0
 90
        6
176
     0
 90
        2
176
     0
 62
     7
176
     0
 90
        5
176
     0
 90
        0
176
     0
 90
        0
176
     0
290
     0
176
     0
 90
        1
176
     0
 40
0.0
176
     0
 90
        0
176
     0
290
     0
176
     1
290
     1
176
     1
290
     1
176
     1
290
     0
176
     1
290
     0
176
     1
290
     0
176
     1
290
     0
176
     1
290
     0
176
     1
290
     0
176
     1
 90
       50
176
     1
 40
0.0
176
     1
 40
1.0
176
     1
 90
        0
176
     1
 62
    18
420
        0
176
     1
 90
       50
176
     1
 90
        3
176
     1
 62
     5
420
      255
176
     1
290
     0
176
     1
 90
       50
176
     1
 90
       50
176
     1
 90
       50
176
     1
290
     0
176
     1
 90
       50
176
     1
 62
   256
176
     0
 40
1.0
176
     0
 90
        2
176
     1
  1
strokes_ogs.tif
176
     1
290
     0
176
     1
 40
1.0
176
     1
 40
1.0
176
     1
  0
VISUALSTYLE
  5
342
102
{ACAD_REACTORS
330
339
102
}
330
339
100
AcDbVisualStyle
  2
Realistic
 70
     8
177
     3
291
     0
 70
    58
 90
        2
176
     1
 90
        3
176
     1
 90
        0
176
     1
 90
        2
176
     1
 40
0.6
176
     1
 40
30.0
176
     1
 62
     7
420
 16777215
176
     1
 90
        0
176
     1
 90
        0
176
     1
 62
     7
176
     1
 62
   257
176
     1
 90
        1
176
     1
 90
        1
176
     1
 40
1.0
176
     1
 90
        8
176
     1
 62
   257
176
     1
 40
1.0
176
     1
 90
        1
176
     1
 90
        6
176
     1
 90
        2
176
     1
 62
     7
176
     1
 90
        3
176
     1
 90
        0
176
     1
 90
        0
176
     1
290
     0
176
     1
 90
       13
176
     1
 40
0.0
176
     1
 90
        0
176
     1
290
     0
176
     1
290
     1
176
     1
290
     1
176
     1
290
     0
176
     1
290
     0
176
     1
290
     0
176
     1
290
     0
176
     1
290
     0
176
     1
290
     0
176
     1
 90
       50
176
     1
 40
0.0
176
     1
 40
1.0
176
     1
 90
        0
176
     1
 62
    18
420
        0
176
     1
 90
       50
176
     1
 90
        3
176
     1
 62
     5
420
      255
176
     1
290
     0
176
     1
 90
       50
176
     1
 90
       50
176
     1
 90
       50
176
     1
290
     0
176
     1
 90
       50
176
     1
 62
   256
176
     0
 40
1.0
176
     0
 90
        2
176
     1
  1
strokes_ogs.tif
176
     1
290
     0
176
     1
 40
1.0
176
     1
 40
1.0
176
     1
  0
VISUALSTYLE
  5
351
102
{ACAD_REACTORS
330
339
102
}
330
339
100
AcDbVisualStyle
  2
Shaded
 70
    27
177
     3
291
     0
 70
    58
 90
        2
176
     1
 90
        2
176
     1
 90
        1
176
     1
 90
        2
176
     1
 40
0.6
176
     1
 40
30.0
176
     1
 62
     7
420
 16777215
176
     1
 90
        0
176
     1
 90
        4
176
     1
 62
     7
176
     1
 62
   257
176
     1
 90
        1
176
     1
 90
        1
176
     1
 40
1.0
176
     1
 90
        8
176
     1
 62
   257
176
     1
 40
1.0
176
     1
 90
        1
176
     1
 90
        6
176
     1
 90
        2
176
     1
 62
   251
420
  5131854
176
     1
 90
        3
176
     1
 90
        0
176
     1
 90
        0
176
     1
290
     0
176
     1
 90
        5
176
     1
 40
0.0
176
     1
 90
        0
176
     1
290
     0
176
     1
290
     1
176
     1
290
     1
176
     1
290
     0
176
     1
290
     0
176
     1
290
     0
176
     1
290
     0
176
     1
290
     0
176
     1
290
     0
176
     1
 90
       50
176
     1
 40
0.0
176
     1
 40
1.0
176
     1
 90
        0
176
     1
 62
    18
420
        0
176
     1
 90
       50
176
     1
 90
        3
176
     1
 62
     5
420
      255
176
     1
290
     0
176
     1
 90
       50
176
     1
 90
       50
176
     1
 90
       50
176
     1
290
     0
176
     1
 90
       50
176
     1
 62
   256
176
     0
 40
1.0
176
     0
 90
        2
176
     1
  1
strokes_ogs.tif
176
     1
290
     0
176
     1
 40
1.0
176
     1
 40
1.0
176
     1
  0
VISUALSTYLE
  5
350
102
{ACAD_REACTORS
330
339
102
}
330
339
100
AcDbVisualStyle
  2
Shaded with edges
 70
    26
177
     3
291
     0
 70
    58
 90
        2
176
     1
 90
        2
176
     1
 90
        1
176
     1
 90
        2
176
     1
 40
0.6
176
     1
 40
30.0
176
     1
 62
     7
420
 16777215
176
     1
 90
        1
176
     1
 90
       10
176
     1
 62
     7
176
     1
 62
   257
176
     1
 90
        2
176
     1
 90
        1
176
     1
 40
1.0
176
     1
 90
        8
176
     1
 62
   257
176
     1
 40
1.0
176
     1
 90
        1
176
     1
 90
        6
176
     1
 90
        2
176
     1
 62
     7
176
     1
 90
        3
176
     1
 90
        0
176
     1
 90
        0
176
     1
290
     0
176
     1
 90
        5
176
     1
 40
0.0
176
     1
 90
        0
176
     1
290
     0
176
     1
290
     1
176
     1
290
     1
176
     1
290
     0
176
     1
290
     0
176
     1
290
     0
176
     1
290
     0
176
     1
290
     0
176
     1
290
     0
176
     1
 90
       50
176
     1
 40
0.0
176
     1
 40
1.0
176
     1
 90
        0
176
     1
 62
    18
420
        0
176
     1
 90
       50
176
     1
 90
        3
176
     1
 62
     5
420
      255
176
     1
290
     0
176
     1
 90
       50
176
     1
 90
       50
176
     1
 90
       50
176
     1
290
     0
176
     1
 90
       50
176
     1
 62
   256
176
     0
 40
1.0
176
     0
 90
        2
176
     1
  1
strokes_ogs.tif
176
     1
290
     0
176
     1
 40
1.0
176
     1
 40
1.0
176
     1
  0
VISUALSTYLE
  5
34D
102
{ACAD_REACTORS
330
339
102
}
330
339
100
AcDbVisualStyle
  2
Shades of Gray
 70
    23
177
     3
291
     0
 70
    58
 90
        2
176
     1
 90
        2
176
     1
 90
        3
176
     1
 90
        0
176
     1
 40
0.6
176
     1
 40
30.0
176
     1
 62
     7
420
 16777215
176
     1
 90
        2
176
     1
 90
        2
176
     1
 62
     7
176
     1
 62
     7
176
     1
 90
        1
176
     1
 90
        1
176
     1
 40
40.0
176
     1
 90
        8
176
     1
 62
     7
176
     1
 40
1.0
176
     1
 90
        1
176
     1
 90
        6
176
     1
 90
        2
176
     1
 62
     7
176
     1
 90
        3
176
     1
 90
        0
176
     1
 90
        0
176
     1
290
     0
176
     1
 90
        1
176
     1
 40
0.0
176
     1
 90
        0
176
     1
290
     0
176
     1
290
     1
176
     1
290
     1
176
     1
290
     0
176
     1
290
     0
176
     1
290
     0
176
     1
290
     0
176
     1
290
     0
176
     1
290
     0
176
     1
 90
       50
176
     1
 40
0.0
176
     1
 40
1.0
176
     1
 90
        0
176
     1
 62
    18
420
        0
176
     1
 90
       50
176
     1
 90
        3
176
     1
 62
     5
420
      255
176
     1
290
     0
176
     1
 90
       50
176
     1
 90
       50
176
     1
 90
       50
176
     1
290
     0
176
     1
 90
       50
176
     1
 62
   256
176
     0
 40
1.0
176
     0
 90
        2
176
     1
  1
strokes_ogs.tif
176
     1
290
     0
176
     1
 40
1.0
176
     1
 40
1.0
176
     1
  0
VISUALSTYLE
  5
34E
102
{ACAD_REACTORS
330
339
102
}
330
339
100
AcDbVisualStyle
  2
Sketchy
 70
    24
177
     3
291
     0
 70
    58
 90
        1
176
     1
 90
        2
176
     1
 90
        2
176
     1
 90
        0
176
     1
 40
0.6
176
     1
 40
30.0
176
     1
 62
     7
420
 16777215
176
     1
 90
        2
176
     1
 90
        2
176
     1
 62
     7
176
     1
 62
     7
176
     1
 90
        1
176
     1
 90
        1
176
     1
 40
40.0
176
     1
 90
       11
176
     1
 62
     7
176
     1
 40
1.0
176
     1
 90
        1
176
     1
 90
        6
176
     1
 90
        2
176
     1
 62
     7
176
     1
 90
        6
176
     1
 90
        0
176
     1
 90
        0
176
     1
290
     0
176
     1
 90
        1
176
     1
 40
0.0
176
     1
 90
        0
176
     1
290
     0
176
     1
290
     1
176
     1
290
     1
176
     1
290
     0
176
     1
290
     0
176
     1
290
     0
176
     1
290
     0
176
     1
290
     0
176
     1
290
     0
176
     1
 90
       50
176
     1
 40
0.0
176
     1
 40
1.0
176
     1
 90
        0
176
     1
 62
    18
420
        0
176
     1
 90
       50
176
     1
 90
        3
176
     1
 62
     5
420
      255
176
     1
290
     0
176
     1
 90
       50
176
     1
 90
       50
176
     1
 90
       50
176
     1
290
     0
176
     1
 90
       50
176
     1
 62
   256
176
     0
 40
1.0
176
     0
 90
        2
176
     1
  1
strokes_ogs.tif
176
     1
290
     0
176
     1
 40
1.0
176
     1
 40
1.0
176
     1
  0
VISUALSTYLE
  5
346
102
{ACAD_REACTORS
330
339
102
}
330
339
100
AcDbVisualStyle
  2
Thicken
 70
    13
177
     3
291
     1
 70
    58
 90
        2
176
     1
 90
        2
176
     1
 90
        0
176
     1
 90
        0
176
     1
 40
0.6
176
     1
 40
30.0
176
     1
 62
     7
420
 16777215
176
     1
 90
        1
176
     1
 90
        4
176
     1
 62
     7
176
     1
 62
   257
176
     1
 90
        1
176
     1
 90
        1
176
     1
 40
1.0
176
     1
 90
       12
176
     1
 62
     7
176
     1
 40
1.0
176
     1
 90
        1
176
     1
 90
        6
176
     1
 90
        2
176
     1
 62
     7
176
     1
 90
        5
176
     1
 90
        0
176
     1
 90
        0
176
     1
290
     0
176
     1
 90
        1
176
     1
 40
0.0
176
     1
 90
        0
176
     1
290
     0
176
     1
290
     1
176
     1
290
     1
176
     1
290
     0
176
     1
290
     0
176
     1
290
     0
176
     1
290
     0
176
     1
290
     0
176
     1
290
     0
176
     1
 90
       50
176
     1
 40
0.0
176
     1
 40
1.0
176
     1
 90
        0
176
     1
 62
    18
420
        0
176
     1
 90
       50
176
     1
 90
        3
176
     1
 62
     5
420
      255
176
     1
290
     0
176
     1
 90
       50
176
     1
 90
       50
176
     1
 90
       50
176
     1
290
     0
176
     1
 90
       50
176
     1
 62
   256
176
     0
 40
1.0
176
     0
 90
        2
176
     1
  1
strokes_ogs.tif
176
     1
290
     0
176
     1
 40
1.0
176
     1
 40
1.0
176
     1
  0
VISUALSTYLE
  5
33F
102
{ACAD_REACTORS
330
339
102
}
330
339
100
AcDbVisualStyle
  2
Wireframe
 70
     5
177
     3
291
     0
 70
    58
 90
        0
176
     1
 90
        2
176
     1
 90
        0
176
     1
 90
        0
176
     1
 40
0.6
176
     1
 40
30.0
176
     1
 62
     7
420
 16777215
176
     1
 90
        1
176
     1
 90
        4
176
     1
 62
     7
176
     1
 62
   257
176
     1
 90
        1
176
     1
 90
        1
176
     1
 40
1.0
176
     1
 90
        0
176
     1
 62
   257
176
     1
 40
1.0
176
     1
 90
        1
176
     1
 90
        6
176
     1
 90
        2
176
     1
 62
     7
176
     1
 90
        5
176
     1
 90
        0
176
     1
 90
        0
176
     1
290
     0
176
     1
 90
        1
176
     1
 40
0.0
176
     1
 90
        0
176
     1
290
     0
176
     1
290
     1
176
     1
290
     1
176
     1
290
     0
176
     1
290
     0
176
     1
290
     0
176
     1
290
     0
176
     1
290
     0
176
     1
290
     0
176
     1
 90
       50
176
     1
 40
0.0
176
     1
 40
1.0
176
     1
 90
        0
176
     1
 62
    18
420
        0
176
     1
 90
       50
176
     1
 90
        3
176
     1
 62
     5
420
      255
176
     1
290
     0
176
     1
 90
       50
176
     1
 90
       50
176
     1
 90
       50
176
     1
290
     0
176
     1
 90
       50
176
     1
 62
   256
176
     0
 40
1.0
176
     0
 90
        2
176
     1
  1
strokes_ogs.tif
176
     1
290
     0
176
     1
 40
1.0
176
     1
 40
1.0
176
     1
  0
VISUALSTYLE
  5
34F
102
{ACAD_REACTORS
330
339
102
}
330
339
100
AcDbVisualStyle
  2
X-Ray
 70
    25
177
     3
291
     0
 70
    58
 90
        2
176
     1
 90
        2
176
     1
 90
        1
176
     1
 90
        1
176
     1
 40
0.5
176
     1
 40
30.0
176
     1
 62
     7
420
 16777215
176
     1
 90
        1
176
     1
 90
        0
176
     1
 62
     7
176
     1
 62
   257
176
     1
 90
        1
176
     1
 90
        1
176
     1
 40
1.0
176
     1
 90
        8
176
     1
 62
     7
176
     1
 40
1.0
176
     1
 90
        1
176
     1
 90
        6
176
     1
 90
        2
176
     1
 62
     7
176
     1
 90
        3
176
     1
 90
        0
176
     1
 90
        0
176
     1
290
     0
176
     1
 90
       13
176
     1
 40
0.0
176
     1
 90
        0
176
     1
290
     0
176
     1
290
     1
176
     1
290
     1
176
     1
290
     0
176
     1
290
     0
176
     1
290
     0
176
     1
290
     0
176
     1
290
     0
176
     1
290
     0
176
     1
 90
       50
176
     1
 40
0.0
176
     1
 40
1.0
176
     1
 90
        0
176
     1
 62
    18
420
        0
176
     1
 90
       50
176
     1
 90
        3
176
     1
 62
     5
420
      255
176
     1
290
     0
176
     1
 90
       50
176
     1
 90
       50
176
     1
 90
       50
176
     1
290
     0
176
     1
 90
       50
176
     1
 62
   256
176
     0
 40
1.0
176
     0
 90
        2
176
     1
  1
strokes_ogs.tif
176
     1
290
     0
176
     1
 40
1.0
176
     1
 40
1.0
176
     1
  0
DICTIONARYVAR
  5
76B
102
{ACAD_REACTORS
330
76A
102
}
330
76A
100
DictionaryVariables
280
     0
  1
1:1
  0
DICTIONARYVAR
  5
76D
102
{ACAD_REACTORS
330
76A
102
}
330
76A
100
DictionaryVariables
280
     0
  1
Standard
  0
DICTIONARYVAR
  5
76C
102
{ACAD_REACTORS
330
76A
102
}
330
76A
100
DictionaryVariables
280
     0
  1
Standard
  0
DICTIONARYVAR
  5
76E
102
{ACAD_REACTORS
330
76A
102
}
330
76A
100
DictionaryVariables
280
     0
  1
0
  0
DICTIONARY
  5
1476
330
357
100
AcDbDictionary
280
     1
281
     1
  3
ACAD_ROUNDTRIP_2008_TABLESTYLE_CELLSTYLEMAP
360
1477
  0
CELLSTYLEMAP
  5
1477
102
{ACAD_REACTORS
330
1476
102
}
330
1476
100
AcDbCellStyleMap
 90
        3
300
CELLSTYLE
  1
TABLEFORMAT_BEGIN
 90
        5
170
     1
 91
        0
 92
    32768
 62
   257
 93
        1
300
CONTENTFORMAT
  1
CONTENTFORMAT_BEGIN
 90
        0
 91
        0
 92
      512
 93
        0
300

 40
0.0
140
1.0
 94
        5
 62
     0
340
12
144
0.25
309
CONTENTFORMAT_END
171
     1
301
MARGIN
  1
CELLMARGIN_BEGIN
 40
0.06
 40
0.06
 40
0.06
 40
0.06
 40
0.06
 40
0.06
309
CELLMARGIN_END
 94
        6
 95
        1
302
GRIDFORMAT
  1
GRIDFORMAT_BEGIN
 90
        0
 91
        1
 62
     0
 92
       -2
340
14
 93
        0
 40
0.045
309
GRIDFORMAT_END
 95
        2
302
GRIDFORMAT
  1
GRIDFORMAT_BEGIN
 90
        0
 91
        1
 62
     0
 92
       -2
340
14
 93
        0
 40
0.045
309
GRIDFORMAT_END
 95
        4
302
GRIDFORMAT
  1
GRIDFORMAT_BEGIN
 90
        0
 91
        1
 62
     0
 92
       -2
340
14
 93
        0
 40
0.045
309
GRIDFORMAT_END
 95
        8
302
GRIDFORMAT
  1
GRIDFORMAT_BEGIN
 90
        0
 91
        1
 62
     0
 92
       -2
340
14
 93
        0
 40
0.045
309
GRIDFORMAT_END
 95
       16
302
GRIDFORMAT
  1
GRIDFORMAT_BEGIN
 90
        0
 91
        1
 62
     0
 92
       -2
340
14
 93
        0
 40
0.045
309
GRIDFORMAT_END
 95
       32
302
GRIDFORMAT
  1
GRIDFORMAT_BEGIN
 90
        0
 91
        1
 62
     0
 92
       -2
340
14
 93
        0
 40
0.045
309
GRIDFORMAT_END
309
TABLEFORMAT_END
  1
CELLSTYLE_BEGIN
 90
        1
 91
        1
300
_TITLE
309
CELLSTYLE_END
300
CELLSTYLE
  1
TABLEFORMAT_BEGIN
 90
        5
170
     1
 91
        0
 92
        0
 62
   257
 93
        1
300
CONTENTFORMAT
  1
CONTENTFORMAT_BEGIN
 90
        0
 91
        0
 92
      512
 93
        0
300

 40
0.0
140
1.0
 94
        5
 62
     0
340
12
144
0.18
309
CONTENTFORMAT_END
171
     1
301
MARGIN
  1
CELLMARGIN_BEGIN
 40
0.06
 40
0.06
 40
0.06
 40
0.06
 40
0.06
 40
0.06
309
CELLMARGIN_END
 94
        6
 95
        1
302
GRIDFORMAT
  1
GRIDFORMAT_BEGIN
 90
        0
 91
        1
 62
     0
 92
       -2
340
14
 93
        0
 40
0.045
309
GRIDFORMAT_END
 95
        2
302
GRIDFORMAT
  1
GRIDFORMAT_BEGIN
 90
        0
 91
        1
 62
     0
 92
       -2
340
14
 93
        0
 40
0.045
309
GRIDFORMAT_END
 95
        4
302
GRIDFORMAT
  1
GRIDFORMAT_BEGIN
 90
        0
 91
        1
 62
     0
 92
       -2
340
14
 93
        0
 40
0.045
309
GRIDFORMAT_END
 95
        8
302
GRIDFORMAT
  1
GRIDFORMAT_BEGIN
 90
        0
 91
        1
 62
     0
 92
       -2
340
14
 93
        0
 40
0.045
309
GRIDFORMAT_END
 95
       16
302
GRIDFORMAT
  1
GRIDFORMAT_BEGIN
 90
        0
 91
        1
 62
     0
 92
       -2
340
14
 93
        0
 40
0.045
309
GRIDFORMAT_END
 95
       32
302
GRIDFORMAT
  1
GRIDFORMAT_BEGIN
 90
        0
 91
        1
 62
     0
 92
       -2
340
14
 93
        0
 40
0.045
309
GRIDFORMAT_END
309
TABLEFORMAT_END
  1
CELLSTYLE_BEGIN
 90
        2
 91
        1
300
_HEADER
309
CELLSTYLE_END
300
CELLSTYLE
  1
TABLEFORMAT_BEGIN
 90
        5
170
     1
 91
        0
 92
        0
 62
   257
 93
        1
300
CONTENTFORMAT
  1
CONTENTFORMAT_BEGIN
 90
        0
 91
        0
 92
      512
 93
        0
300

 40
0.0
140
1.0
 94
        2
 62
     0
340
12
144
0.18
309
CONTENTFORMAT_END
171
     1
301
MARGIN
  1
CELLMARGIN_BEGIN
 40
0.06
 40
0.06
 40
0.06
 40
0.06
 40
0.06
 40
0.06
309
CELLMARGIN_END
 94
        6
 95
        1
302
GRIDFORMAT
  1
GRIDFORMAT_BEGIN
 90
        0
 91
        1
 62
     0
 92
       -2
340
14
 93
        0
 40
0.045
309
GRIDFORMAT_END
 95
        2
302
GRIDFORMAT
  1
GRIDFORMAT_BEGIN
 90
        0
 91
        1
 62
     0
 92
       -2
340
14
 93
        0
 40
0.045
309
GRIDFORMAT_END
 95
        4
302
GRIDFORMAT
  1
GRIDFORMAT_BEGIN
 90
        0
 91
        1
 62
     0
 92
       -2
340
14
 93
        0
 40
0.045
309
GRIDFORMAT_END
 95
        8
302
GRIDFORMAT
  1
GRIDFORMAT_BEGIN
 90
        0
 91
        1
 62
     0
 92
       -2
340
14
 93
        0
 40
0.045
309
GRIDFORMAT_END
 95
       16
302
GRIDFORMAT
  1
GRIDFORMAT_BEGIN
 90
        0
 91
        1
 62
     0
 92
       -2
340
14
 93
        0
 40
0.045
309
GRIDFORMAT_END
 95
       32
302
GRIDFORMAT
  1
GRIDFORMAT_BEGIN
 90
        0
 91
        1
 62
     0
 92
       -2
340
14
 93
        0
 40
0.045
309
GRIDFORMAT_END
309
TABLEFORMAT_END
  1
CELLSTYLE_BEGIN
 90
        3
 91
        2
300
_DATA
309
CELLSTYLE_END
  0
ENDSEC
  0
EOF
